{"logTime": "0927/073301", "level": "INFO", "message": "UserPrefStore loaded: error=NO_FILE (6)"}
{"logTime": "0927/073345", "level": "INFO", "message": "UserPrefStore loaded: error=NONE (0)"}
{"logTime": "0927/073429", "level": "INFO", "message": "UserPrefStore loaded: error=NONE (0)"}
{"logTime": "0927/073542", "level": "INFO", "message": "UserPrefStore loaded: error=NONE (0)"}
{"logTime": "0927/073606", "level": "INFO", "message": "UserPrefStore loaded: error=NONE (0)"}
{"logTime": "0927/073821", "level": "INFO", "message": "UserPrefStore loaded: error=NONE (0)"}
{"logTime": "0927/083255", "level": "INFO", "message": "UserPrefStore loaded: error=NONE (0)"}
{"logTime": "0927/084226", "level": "INFO", "message": "UserPrefStore loaded: error=NONE (0)"}
{"logTime": "0927/084240", "level": "INFO", "message": "UserPrefStore loaded: error=NONE (0)"}
{"logTime": "0927/084435", "level": "INFO", "message": "UserPrefStore loaded: error=NONE (0)"}
{"logTime": "0927/084604", "level": "INFO", "message": "UserPrefStore loaded: error=NONE (0)"}
{"logTime": "0927/085111", "level": "INFO", "message": "UserPrefStore loaded: error=NONE (0)"}
{"logTime": "0927/085319", "level": "INFO", "message": "UserPrefStore loaded: error=NONE (0)"}
{"logTime": "0927/085925", "level": "INFO", "message": "UserPrefStore loaded: error=NONE (0)"}
{"logTime": "0927/092303", "level": "INFO", "message": "UserPrefStore loaded: error=NONE (0)"}
{"logTime": "0927/092447", "level": "INFO", "message": "UserPrefStore loaded: error=NONE (0)"}
{"logTime": "0927/092806", "level": "INFO", "message": "UserPrefStore loaded: error=NONE (0)"}
{"logTime": "0927/093306", "level": "INFO", "message": "UserPrefStore loaded: error=NONE (0)"}
{"logTime": "0927/093642", "level": "INFO", "message": "UserPrefStore loaded: error=NONE (0)"}
{"logTime": "0927/093750", "level": "INFO", "message": "UserPrefStore loaded: error=NONE (0)"}
{"logTime": "0927/093903", "level": "INFO", "message": "UserPrefStore loaded: error=NONE (0)"}
{"logTime": "0927/121640", "level": "INFO", "message": "UserPrefStore loaded: error=NONE (0)"}
{"logTime": "0927/124539", "level": "INFO", "message": "UserPrefStore loaded: error=NONE (0)"}
{"logTime": "0927/131548", "level": "INFO", "message": "UserPrefStore loaded: error=NONE (0)"}
{"logTime": "0927/132108", "level": "INFO", "message": "UserPrefStore loaded: error=NONE (0)"}
{"logTime": "0927/132220", "level": "INFO", "message": "UserPrefStore loaded: error=NONE (0)"}
{"logTime": "0927/132300", "level": "INFO", "message": "UserPrefStore loaded: error=NONE (0)"}
{"logTime": "0927/132414", "level": "INFO", "message": "UserPrefStore loaded: error=NONE (0)"}
{"logTime": "0927/175912", "level": "INFO", "message": "UserPrefStore loaded: error=NONE (0)"}
{"logTime": "0927/185029", "level": "INFO", "message": "UserPrefStore loaded: error=NONE (0)"}
{"logTime": "0927/185236", "level": "INFO", "message": "UserPrefStore loaded: error=NONE (0)"}
{"logTime": "0927/185345", "level": "INFO", "message": "UserPrefStore loaded: error=NONE (0)"}
{"logTime": "0927/185437", "level": "INFO", "message": "UserPrefStore loaded: error=NONE (0)"}
{"logTime": "0927/190022", "level": "INFO", "message": "UserPrefStore loaded: error=NONE (0)"}
{"logTime": "0927/190102", "level": "INFO", "message": "UserPrefStore loaded: error=NONE (0)"}
{"logTime": "0927/190133", "level": "INFO", "message": "UserPrefStore loaded: error=NONE (0)"}
{"logTime": "0927/190331", "level": "INFO", "message": "UserPrefStore loaded: error=NONE (0)"}
{"logTime": "0927/190346", "level": "INFO", "message": "UserPrefStore loaded: error=NONE (0)"}
{"logTime": "0927/190451", "level": "INFO", "message": "UserPrefStore loaded: error=NONE (0)"}
{"logTime": "0927/190718", "level": "INFO", "message": "UserPrefStore loaded: error=NONE (0)"}
{"logTime": "0927/190837", "level": "INFO", "message": "UserPrefStore loaded: error=NONE (0)"}
{"logTime": "0928/131448", "level": "INFO", "message": "UserPrefStore loaded: error=NONE (0)"}
{"logTime": "0928/131908", "level": "INFO", "message": "UserPrefStore loaded: error=NONE (0)"}
{"logTime": "0928/132420", "level": "INFO", "message": "UserPrefStore loaded: error=NONE (0)"}
{"logTime": "0928/132737", "level": "INFO", "message": "UserPrefStore loaded: error=NONE (0)"}
{"logTime": "0928/160451", "level": "INFO", "message": "UserPrefStore loaded: error=NONE (0)"}
{"logTime": "0928/161437", "level": "INFO", "message": "UserPrefStore loaded: error=NONE (0)"}
{"logTime": "0928/161515", "level": "INFO", "message": "UserPrefStore loaded: error=NONE (0)"}
{"logTime": "0928/161549", "level": "INFO", "message": "UserPrefStore loaded: error=NONE (0)"}
{"logTime": "0928/161635", "level": "INFO", "message": "UserPrefStore loaded: error=NONE (0)"}
{"logTime": "0928/162024", "level": "INFO", "message": "UserPrefStore loaded: error=NONE (0)"}
{"logTime": "0928/162046", "level": "INFO", "message": "UserPrefStore loaded: error=NONE (0)"}
{"logTime": "0928/162234", "level": "INFO", "message": "UserPrefStore loaded: error=NONE (0)"}
{"logTime": "0928/162329", "level": "INFO", "message": "UserPrefStore loaded: error=NONE (0)"}
{"logTime": "0928/162358", "level": "INFO", "message": "UserPrefStore loaded: error=NONE (0)"}
{"logTime": "0928/162419", "level": "INFO", "message": "UserPrefStore loaded: error=NONE (0)"}
{"logTime": "0929/044559", "level": "INFO", "message": "UserPrefStore loaded: error=NONE (0)"}
{"logTime": "0929/045211", "level": "INFO", "message": "UserPrefStore loaded: error=NONE (0)"}
{"logTime": "0929/045354", "level": "INFO", "message": "UserPrefStore loaded: error=NONE (0)"}
{"logTime": "0929/045518", "level": "INFO", "message": "UserPrefStore loaded: error=NONE (0)"}
{"logTime": "0929/045604", "level": "INFO", "message": "UserPrefStore loaded: error=NONE (0)"}
{"logTime": "0929/045747", "level": "INFO", "message": "UserPrefStore loaded: error=NONE (0)"}
{"logTime": "0929/052036", "level": "INFO", "message": "UserPrefStore loaded: error=NONE (0)"}
{"logTime": "0929/052405", "level": "INFO", "message": "UserPrefStore loaded: error=NONE (0)"}
{"logTime": "1001/174613", "level": "INFO", "message": "UserPrefStore loaded: error=NONE (0)"}
{"logTime": "1001/174613", "level": "INFO", "message": "Preference changed: name=extensions.last_chrome_version, new_value=\"154.0.4258.48\", source=unknown"}
{"logTime": "1001/174613", "level": "INFO", "message": "Preference changed: name=gaia_cookie.periodic_report_time_2, new_value=\"13435350373351734\", source=unknown"}
{"logTime": "1001/174613", "level": "INFO", "message": "Preference changed: name=optimization_guide.previously_registered_optimization_types, new_value=[object], source=unknown"}
{"logTime": "1001/174613", "level": "INFO", "message": "Preference changed: name=extensions.chrome_url_overrides, new_value=[object], source=unknown"}
{"logTime": "1001/174613", "level": "INFO", "message": "Preference changed: name=sessions.session_data_status, new_value=1, source=unknown"}
{"logTime": "1001/174613", "level": "INFO", "message": "Preference changed: name=sessions.event_log, new_value=[object], source=unknown"}
{"logTime": "1001/174613", "level": "INFO", "message": "Preference changed: name=optimization_guide.previously_registered_optimization_types, new_value=[object], source=unknown"}
{"logTime": "1001/174613", "level": "INFO", "message": "Preference changed: name=optimization_guide.previously_registered_optimization_types, new_value=[object], source=unknown"}
{"logTime": "1001/174613", "level": "INFO", "message": "Preference changed: name=optimization_guide.previously_registered_optimization_types, new_value=[object], source=unknown"}
{"logTime": "1001/174613", "level": "INFO", "message": "Preference changed: name=optimization_guide.previously_registered_optimization_types, new_value=[object], source=unknown"}
{"logTime": "1001/174613", "level": "INFO", "message": "Preference changed: name=optimization_guide.previously_registered_optimization_types, new_value=[object], source=unknown"}
{"logTime": "1001/174613", "level": "INFO", "message": "Preference changed: name=profile.network_pbs, new_value=[object], source=unknown"}
{"logTime": "1001/174613", "level": "INFO", "message": "Preference changed: name=extensions.settings, new_value=[object], source=unknown"}
{"logTime": "1001/174613", "level": "INFO", "message": "Preference changed: name=extensions.settings, new_value=[object], source=unknown"}
{"logTime": "1001/174613", "level": "INFO", "message": "Preference changed: name=profile.password_hash_data_list, new_value=[object], source=unknown"}
{"logTime": "1001/174613", "level": "INFO", "message": "Preference changed: name=schedule_to_flush_to_disk, new_value=\"13435350373388231\", source=unknown"}
{"logTime": "1001/174613", "level": "INFO", "message": "Preference changed: name=schedule_to_flush_to_disk, new_value=\"13435350373389268\", source=unknown"}
{"logTime": "1001/174613", "level": "INFO", "message": "Preference changed: name=muid.last_sync, new_value=\"13435350373389422\", source=unknown"}
{"logTime": "1001/174613", "level": "INFO", "message": "Preference changed: name=bookmark.storage_computation_last_update, new_value=\"13435350373389722\", source=unknown"}
{"logTime": "1001/174613", "level": "INFO", "message": "Preference changed: name=commerce_daily_metrics_last_update_time, new_value=\"13435350373392894\", source=unknown"}
{"logTime": "1001/174613", "level": "INFO", "message": "Preference changed: name=edge.services.signin_scoped_device_id, new_value=\"46b457aa-6ec4-461f-859d-30a5f6eff070\", source=unknown"}
{"logTime": "1001/174613", "level": "INFO", "message": "Preference changed: name=account_tracker_service_last_update, new_value=\"13435350373393084\", source=unknown"}
{"logTime": "1001/174613", "level": "INFO", "message": "Preference changed: name=autofill.last_version_deduped, new_value=154, source=unknown"}
{"logTime": "1001/174613", "level": "INFO", "message": "Preference changed: name=optimization_guide.previously_registered_optimization_types, new_value=[object], source=unknown"}
{"logTime": "1001/174613", "level": "INFO", "message": "Preference changed: name=extensions.chrome_url_overrides, new_value=[object], source=unknown"}
{"logTime": "1001/174613", "level": "INFO", "message": "Preference changed: name=autofill.credit_card_enabled, new_value=false, source=unknown"}
{"logTime": "1001/174613", "level": "INFO", "message": "Preference changed: name=enable_edge_collections, new_value=false, source=unknown"}
{"logTime": "1001/174613", "level": "INFO", "message": "Preference changed: name=resolve_navigation_errors_use_web_service.enabled, new_value=false, source=unknown"}
{"logTime": "1001/174613", "level": "INFO", "message": "Preference changed: name=alternate_error_pages.enabled, new_value=false, source=unknown"}
{"logTime": "1001/174613", "level": "INFO", "message": "Preference changed: name=optimization_guide.previously_registered_optimization_types, new_value=[object], source=unknown"}
{"logTime": "1001/174613", "level": "INFO", "message": "Preference changed: name=in_product_help.session_start_time, new_value=\"13435350373473396\", source=unknown"}
{"logTime": "1001/174613", "level": "INFO", "message": "Preference changed: name=in_product_help.session_number, new_value=6, source=unknown"}
{"logTime": "1001/174613", "level": "INFO", "message": "Preference changed: name=in_product_help.session_last_active_time, new_value=\"13435350373473396\", source=unknown"}
{"logTime": "1001/174613", "level": "INFO", "message": "Preference changed: name=in_product_help.recent_session_start_times, new_value=[object], source=unknown"}
{"logTime": "1001/174613", "level": "INFO", "message": "Preference changed: name=optimization_guide.previously_registered_optimization_types, new_value=[object], source=unknown"}
{"logTime": "1001/174613", "level": "INFO", "message": "Preference changed: name=profile.content_settings.exceptions.storage_access_header_origin_trial, new_value=[object], source=unknown"}
{"logTime": "1001/174613", "level": "INFO", "message": "Preference changed: name=autocomplete.retention_policy_last_version, new_value=154, source=unknown"}
{"logTime": "1001/174613", "level": "INFO", "message": "Preference changed: name=profile.content_settings.exceptions.site_engagement, new_value=[object], source=unknown"}
{"logTime": "1001/174613", "level": "INFO", "message": "Preference changed: name=profile.last_engagement_time, new_value=\"13435321573564113\", source=unknown"}
{"logTime": "1001/174613", "level": "INFO", "message": "Preference changed: name=edge_rewards.coachmark_promotions, new_value=[object], source=unknown"}
{"logTime": "1001/174613", "level": "INFO", "message": "Preference changed: name=edge_rewards.hva_promotions, new_value=[object], source=unknown"}
{"logTime": "1001/174613", "level": "INFO", "message": "Preference changed: name=fsd.retention_policy_last_version, new_value=154, source=unknown"}
{"logTime": "1001/174615", "level": "INFO", "message": "Preference changed: name=profile.content_settings.exceptions.site_engagement, new_value=[object], source=unknown"}
{"logTime": "1001/174615", "level": "INFO", "message": "Preference changed: name=profile.last_engagement_time, new_value=\"13435350375595545\", source=unknown"}
{"logTime": "1001/174615", "level": "INFO", "message": "Preference changed: name=language_model_counters, new_value=[object], source=unknown"}
{"logTime": "1001/174623", "level": "INFO", "message": "PrefStore write completed: store=4, success=true"}
{"logTime": "1001/174623", "level": "INFO", "message": "PrefStore write completed: store=4, success=true"}
{"logTime": "1001/174623", "level": "INFO", "message": "Preference changed: name=edge.bookmarks.last_dup_info_record_time, new_value=\"13435350383398770\", source=unknown"}
{"logTime": "1001/174628", "level": "INFO", "message": "Preference changed: name=in_product_help.session_last_active_time, new_value=\"13435350385488025\", source=unknown"}
{"logTime": "1001/174631", "level": "INFO", "message": "Preference changed: name=profile.content_settings.exceptions.site_engagement, new_value=[object], source=unknown"}
{"logTime": "1001/174631", "level": "INFO", "message": "Preference changed: name=profile.last_engagement_time, new_value=\"13435350391398461\", source=unknown"}
{"logTime": "1001/174633", "level": "INFO", "message": "PrefStore write completed: store=4, success=true"}
{"logTime": "1001/174633", "level": "INFO", "message": "Preference changed: name=language_model_counters, new_value=[object], source=unknown"}
{"logTime": "1001/174636", "level": "INFO", "message": "Preference changed: name=language_model_counters, new_value=[object], source=unknown"}
{"logTime": "1001/174643", "level": "INFO", "message": "Preference changed: name=profile.last_time_password_store_metrics_reported, new_value=1790876803.358083, source=unknown"}
{"logTime": "1001/174643", "level": "INFO", "message": "Preference changed: name=edge_wallet.passwords.password_lost_report_date, new_value=\"13435350403358332\", source=unknown"}
{"logTime": "1001/174643", "level": "INFO", "message": "Preference changed: name=in_product_help.session_last_active_time, new_value=\"13435350401490046\", source=unknown"}
{"logTime": "1001/174653", "level": "INFO", "message": "PrefStore write completed: store=4, success=true"}
{"logTime": "1001/174653", "level": "INFO", "message": "Preference changed: name=profile.content_settings.exceptions.site_engagement, new_value=[object], source=unknown"}
{"logTime": "1001/174653", "level": "INFO", "message": "Preference changed: name=profile.last_engagement_time, new_value=\"13435350413642131\", source=unknown"}
{"logTime": "1001/174658", "level": "INFO", "message": "Preference changed: name=in_product_help.session_last_active_time, new_value=\"13435350418496329\", source=unknown"}
{"logTime": "1001/174704", "level": "INFO", "message": "Preference changed: name=profile.content_settings.exceptions.site_engagement, new_value=[object], source=unknown"}
{"logTime": "1001/174704", "level": "INFO", "message": "Preference changed: name=profile.last_engagement_time, new_value=\"13435350424147063\", source=unknown"}
{"logTime": "1001/174714", "level": "INFO", "message": "Preference changed: name=profile.content_settings.exceptions.site_engagement, new_value=[object], source=unknown"}
{"logTime": "1001/174714", "level": "INFO", "message": "Preference changed: name=profile.last_engagement_time, new_value=\"13435350434417855\", source=unknown"}
{"logTime": "1001/174722", "level": "INFO", "message": "Preference changed: name=profile.observed_session_time, new_value=[object], source=unknown"}
{"logTime": "1001/174725", "level": "INFO", "message": "Preference changed: name=profile.content_settings.exceptions.media_engagement, new_value=[object], source=unknown"}
{"logTime": "1001/174725", "level": "INFO", "message": "Preference changed: name=sessions.session_data_status, new_value=2, source=unknown"}
{"logTime": "1001/174725", "level": "INFO", "message": "Preference changed: name=sessions.session_data_status, new_value=3, source=unknown"}
{"logTime": "1001/174725", "level": "INFO", "message": "Preference changed: name=sessions.event_log, new_value=[object], source=unknown"}
{"logTime": "1001/174801", "level": "INFO", "message": "UserPrefStore loaded: error=NONE (0)"}
{"logTime": "1001/174801", "level": "INFO", "message": "Preference changed: name=optimization_guide.previously_registered_optimization_types, new_value=[object], source=unknown"}
{"logTime": "1001/174801", "level": "INFO", "message": "Preference changed: name=extensions.chrome_url_overrides, new_value=[object], source=unknown"}
{"logTime": "1001/174801", "level": "INFO", "message": "Preference changed: name=sessions.session_data_status, new_value=1, source=unknown"}
{"logTime": "1001/174801", "level": "INFO", "message": "Preference changed: name=sessions.event_log, new_value=[object], source=unknown"}
{"logTime": "1001/174801", "level": "INFO", "message": "Preference changed: name=optimization_guide.previously_registered_optimization_types, new_value=[object], source=unknown"}
{"logTime": "1001/174801", "level": "INFO", "message": "Preference changed: name=optimization_guide.previously_registered_optimization_types, new_value=[object], source=unknown"}
{"logTime": "1001/174801", "level": "INFO", "message": "Preference changed: name=optimization_guide.previously_registered_optimization_types, new_value=[object], source=unknown"}
{"logTime": "1001/174801", "level": "INFO", "message": "Preference changed: name=optimization_guide.previously_registered_optimization_types, new_value=[object], source=unknown"}
{"logTime": "1001/174801", "level": "INFO", "message": "Preference changed: name=optimization_guide.previously_registered_optimization_types, new_value=[object], source=unknown"}
{"logTime": "1001/174801", "level": "INFO", "message": "Preference changed: name=profile.network_pbs, new_value=[object], source=unknown"}
{"logTime": "1001/174801", "level": "INFO", "message": "Preference changed: name=profile.password_hash_data_list, new_value=[object], source=unknown"}
{"logTime": "1001/174801", "level": "INFO", "message": "Preference changed: name=schedule_to_flush_to_disk, new_value=\"13435350481601283\", source=unknown"}
{"logTime": "1001/174801", "level": "INFO", "message": "Preference changed: name=schedule_to_flush_to_disk, new_value=\"13435350481602353\", source=unknown"}
{"logTime": "1001/174801", "level": "INFO", "message": "Preference changed: name=edge.services.signin_scoped_device_id, new_value=\"3be6e0b1-0d72-4577-88d7-ec3ef587edf9\", source=unknown"}
{"logTime": "1001/174801", "level": "INFO", "message": "Preference changed: name=optimization_guide.previously_registered_optimization_types, new_value=[object], source=unknown"}
{"logTime": "1001/174801", "level": "INFO", "message": "Preference changed: name=extensions.chrome_url_overrides, new_value=[object], source=unknown"}
{"logTime": "1001/174801", "level": "INFO", "message": "Preference changed: name=autofill.credit_card_enabled, new_value=false, source=unknown"}
{"logTime": "1001/174801", "level": "INFO", "message": "Preference changed: name=enable_edge_collections, new_value=false, source=unknown"}
{"logTime": "1001/174801", "level": "INFO", "message": "Preference changed: name=resolve_navigation_errors_use_web_service.enabled, new_value=false, source=unknown"}
{"logTime": "1001/174801", "level": "INFO", "message": "Preference changed: name=alternate_error_pages.enabled, new_value=false, source=unknown"}
{"logTime": "1001/174801", "level": "INFO", "message": "Preference changed: name=optimization_guide.previously_registered_optimization_types, new_value=[object], source=unknown"}
{"logTime": "1001/174801", "level": "INFO", "message": "Preference changed: name=in_product_help.session_last_active_time, new_value=\"13435350481670407\", source=unknown"}
{"logTime": "1001/174801", "level": "INFO", "message": "Preference changed: name=optimization_guide.previously_registered_optimization_types, new_value=[object], source=unknown"}
{"logTime": "1001/174801", "level": "INFO", "message": "Preference changed: name=profile.content_settings.exceptions.storage_access_header_origin_trial, new_value=[object], source=unknown"}
{"logTime": "1001/174801", "level": "INFO", "message": "Preference changed: name=edge_rewards.coachmark_promotions, new_value=[object], source=unknown"}
{"logTime": "1001/174801", "level": "INFO", "message": "Preference changed: name=edge_rewards.hva_promotions, new_value=[object], source=unknown"}
{"logTime": "1001/174803", "level": "INFO", "message": "Preference changed: name=profile.content_settings.exceptions.site_engagement, new_value=[object], source=unknown"}
{"logTime": "1001/174803", "level": "INFO", "message": "Preference changed: name=profile.last_engagement_time, new_value=\"13435350483759168\", source=unknown"}
{"logTime": "1001/174803", "level": "INFO", "message": "Preference changed: name=language_model_counters, new_value=[object], source=unknown"}
{"logTime": "1001/174810", "level": "INFO", "message": "Preference changed: name=language_model_counters, new_value=[object], source=unknown"}
{"logTime": "1001/174811", "level": "INFO", "message": "PrefStore write completed: store=4, success=true"}
{"logTime": "1001/174811", "level": "INFO", "message": "PrefStore write completed: store=4, success=true"}
{"logTime": "1001/174822", "level": "INFO", "message": "Preference changed: name=profile.content_settings.exceptions.site_engagement, new_value=[object], source=unknown"}
{"logTime": "1001/174822", "level": "INFO", "message": "Preference changed: name=profile.last_engagement_time, new_value=\"13435350502656278\", source=unknown"}
{"logTime": "1001/174835", "level": "INFO", "message": "Preference changed: name=profile.content_settings.exceptions.site_engagement, new_value=[object], source=unknown"}
{"logTime": "1001/174835", "level": "INFO", "message": "Preference changed: name=profile.last_engagement_time, new_value=\"13435350515943707\", source=unknown"}
{"logTime": "1001/174846", "level": "INFO", "message": "Preference changed: name=in_product_help.session_last_active_time, new_value=\"13435350519682286\", source=unknown"}
{"logTime": "1001/174901", "level": "INFO", "message": "Preference changed: name=in_product_help.session_last_active_time, new_value=\"13435350519683049\", source=unknown"}
{"logTime": "1001/174904", "level": "INFO", "message": "Preference changed: name=profile.content_settings.exceptions.media_engagement, new_value=[object], source=unknown"}
{"logTime": "1001/174904", "level": "INFO", "message": "Preference changed: name=profile.observed_session_time, new_value=[object], source=unknown"}
{"logTime": "1001/174904", "level": "INFO", "message": "Preference changed: name=sessions.session_data_status, new_value=2, source=unknown"}
{"logTime": "1001/174904", "level": "INFO", "message": "Preference changed: name=sessions.session_data_status, new_value=3, source=unknown"}
{"logTime": "1001/174904", "level": "INFO", "message": "Preference changed: name=sessions.event_log, new_value=[object], source=unknown"}
{"logTime": "1002/181126", "level": "INFO", "message": "UserPrefStore loaded: error=NONE (0)"}
{"logTime": "1002/181126", "level": "INFO", "message": "Preference changed: name=gaia_cookie.periodic_report_time_2, new_value=\"13435438286254897\", source=unknown"}
{"logTime": "1002/181126", "level": "INFO", "message": "Preference changed: name=optimization_guide.previously_registered_optimization_types, new_value=[object], source=unknown"}
{"logTime": "1002/181126", "level": "INFO", "message": "Preference changed: name=extensions.chrome_url_overrides, new_value=[object], source=unknown"}
{"logTime": "1002/181126", "level": "INFO", "message": "Preference changed: name=sessions.session_data_status, new_value=1, source=unknown"}
{"logTime": "1002/181126", "level": "INFO", "message": "Preference changed: name=sessions.event_log, new_value=[object], source=unknown"}
{"logTime": "1002/181126", "level": "INFO", "message": "Preference changed: name=optimization_guide.previously_registered_optimization_types, new_value=[object], source=unknown"}
{"logTime": "1002/181126", "level": "INFO", "message": "Preference changed: name=optimization_guide.previously_registered_optimization_types, new_value=[object], source=unknown"}
{"logTime": "1002/181126", "level": "INFO", "message": "Preference changed: name=optimization_guide.previously_registered_optimization_types, new_value=[object], source=unknown"}
{"logTime": "1002/181126", "level": "INFO", "message": "Preference changed: name=optimization_guide.previously_registered_optimization_types, new_value=[object], source=unknown"}
{"logTime": "1002/181126", "level": "INFO", "message": "Preference changed: name=optimization_guide.previously_registered_optimization_types, new_value=[object], source=unknown"}
{"logTime": "1002/181126", "level": "INFO", "message": "Preference changed: name=profile.network_pbs, new_value=[object], source=unknown"}
{"logTime": "1002/181126", "level": "INFO", "message": "Preference changed: name=profile.password_hash_data_list, new_value=[object], source=unknown"}
{"logTime": "1002/181126", "level": "INFO", "message": "Preference changed: name=schedule_to_flush_to_disk, new_value=\"13435438286283737\", source=unknown"}
{"logTime": "1002/181126", "level": "INFO", "message": "Preference changed: name=schedule_to_flush_to_disk, new_value=\"13435438286284753\", source=unknown"}
{"logTime": "1002/181126", "level": "INFO", "message": "Preference changed: name=muid.last_sync, new_value=\"13435438286284880\", source=unknown"}
{"logTime": "1002/181126", "level": "INFO", "message": "Preference changed: name=bookmark.storage_computation_last_update, new_value=\"13435438286285036\", source=unknown"}
{"logTime": "1002/181126", "level": "INFO", "message": "Preference changed: name=edge.services.signin_scoped_device_id, new_value=\"5cd9fd71-d2c4-4ff7-a4a7-5301e840a977\", source=unknown"}
{"logTime": "1002/181126", "level": "INFO", "message": "Preference changed: name=account_tracker_service_last_update, new_value=\"13435438286285443\", source=unknown"}
{"logTime": "1002/181126", "level": "INFO", "message": "Preference changed: name=commerce_daily_metrics_last_update_time, new_value=\"13435438286286612\", source=unknown"}
{"logTime": "1002/181126", "level": "INFO", "message": "Preference changed: name=optimization_guide.previously_registered_optimization_types, new_value=[object], source=unknown"}
{"logTime": "1002/181126", "level": "INFO", "message": "Preference changed: name=extensions.chrome_url_overrides, new_value=[object], source=unknown"}
{"logTime": "1002/181126", "level": "INFO", "message": "Preference changed: name=autofill.credit_card_enabled, new_value=false, source=unknown"}
{"logTime": "1002/181126", "level": "INFO", "message": "Preference changed: name=enable_edge_collections, new_value=false, source=unknown"}
{"logTime": "1002/181126", "level": "INFO", "message": "Preference changed: name=resolve_navigation_errors_use_web_service.enabled, new_value=false, source=unknown"}
{"logTime": "1002/181126", "level": "INFO", "message": "Preference changed: name=alternate_error_pages.enabled, new_value=false, source=unknown"}
{"logTime": "1002/181126", "level": "INFO", "message": "Preference changed: name=optimization_guide.previously_registered_optimization_types, new_value=[object], source=unknown"}
{"logTime": "1002/181126", "level": "INFO", "message": "Preference changed: name=in_product_help.session_start_time, new_value=\"13435438286344504\", source=unknown"}
{"logTime": "1002/181126", "level": "INFO", "message": "Preference changed: name=in_product_help.session_number, new_value=7, source=unknown"}
{"logTime": "1002/181126", "level": "INFO", "message": "Preference changed: name=in_product_help.session_last_active_time, new_value=\"13435438286344504\", source=unknown"}
{"logTime": "1002/181126", "level": "INFO", "message": "Preference changed: name=in_product_help.recent_session_start_times, new_value=[object], source=unknown"}
{"logTime": "1002/181126", "level": "INFO", "message": "Preference changed: name=optimization_guide.previously_registered_optimization_types, new_value=[object], source=unknown"}
{"logTime": "1002/181126", "level": "INFO", "message": "Preference changed: name=profile.content_settings.exceptions.storage_access_header_origin_trial, new_value=[object], source=unknown"}
{"logTime": "1002/181126", "level": "INFO", "message": "Preference changed: name=profile.content_settings.exceptions.site_engagement, new_value=[object], source=unknown"}
{"logTime": "1002/181126", "level": "INFO", "message": "Preference changed: name=profile.last_engagement_time, new_value=\"13435409486406355\", source=unknown"}
{"logTime": "1002/181126", "level": "INFO", "message": "Preference changed: name=edge_rewards.coachmark_promotions, new_value=[object], source=unknown"}
{"logTime": "1002/181126", "level": "INFO", "message": "Preference changed: name=edge_rewards.hva_promotions, new_value=[object], source=unknown"}
{"logTime": "1002/181128", "level": "INFO", "message": "Preference changed: name=profile.content_settings.exceptions.site_engagement, new_value=[object], source=unknown"}
{"logTime": "1002/181128", "level": "INFO", "message": "Preference changed: name=profile.last_engagement_time, new_value=\"13435438288449497\", source=unknown"}
{"logTime": "1002/181128", "level": "INFO", "message": "Preference changed: name=language_model_counters, new_value=[object], source=unknown"}
{"logTime": "1002/181136", "level": "INFO", "message": "Preference changed: name=edge.bookmarks.last_dup_info_record_time, new_value=\"13435438296286614\", source=unknown"}
{"logTime": "1002/181136", "level": "INFO", "message": "PrefStore write completed: store=4, success=true"}
{"logTime": "1002/181136", "level": "INFO", "message": "PrefStore write completed: store=4, success=true"}
{"logTime": "1002/181146", "level": "INFO", "message": "PrefStore write completed: store=4, success=true"}
{"logTime": "1002/181156", "level": "INFO", "message": "Preference changed: name=profile.last_time_password_store_metrics_reported, new_value=1790964716.259289, source=unknown"}
{"logTime": "1002/181156", "level": "INFO", "message": "Preference changed: name=edge_wallet.passwords.password_lost_report_date, new_value=\"13435438316259492\", source=unknown"}
{"logTime": "1002/181205", "level": "INFO", "message": "Preference changed: name=profile.content_settings.exceptions.site_engagement, new_value=[object], source=unknown"}
{"logTime": "1002/181205", "level": "INFO", "message": "Preference changed: name=profile.last_engagement_time, new_value=\"13435438325451548\", source=unknown"}
{"logTime": "1002/181206", "level": "INFO", "message": "PrefStore write completed: store=4, success=true"}
{"logTime": "1002/181206", "level": "INFO", "message": "Preference changed: name=devtools.last_open_timestamp, new_value=\"13435438326745\", source=unknown"}
{"logTime": "1002/181206", "level": "INFO", "message": "Preference changed: name=browser.app_window_placement, new_value=[object], source=unknown"}
{"logTime": "1002/181206", "level": "INFO", "message": "Preference changed: name=browser.app_window_placement, new_value=[object], source=unknown"}
{"logTime": "1002/181207", "level": "INFO", "message": "Preference changed: name=devtools.preferences, new_value=[object], source=unknown"}
{"logTime": "1002/181207", "level": "INFO", "message": "Preference changed: name=devtools.synced_preferences_sync_disabled, new_value=[object], source=unknown"}
{"logTime": "1002/181207", "level": "INFO", "message": "Preference changed: name=devtools.preferences, new_value=[object], source=unknown"}
{"logTime": "1002/181207", "level": "INFO", "message": "Preference changed: name=devtools.synced_preferences_sync_disabled, new_value=[object], source=unknown"}
{"logTime": "1002/181207", "level": "INFO", "message": "Preference changed: name=devtools.preferences, new_value=[object], source=unknown"}
{"logTime": "1002/181207", "level": "INFO", "message": "Preference changed: name=devtools.preferences, new_value=[object], source=unknown"}
{"logTime": "1002/181207", "level": "INFO", "message": "Preference changed: name=devtools.preferences, new_value=[object], source=unknown"}
{"logTime": "1002/181207", "level": "INFO", "message": "Preference changed: name=devtools.preferences, new_value=[object], source=unknown"}
{"logTime": "1002/181207", "level": "INFO", "message": "Preference changed: name=devtools.preferences, new_value=[object], source=unknown"}
{"logTime": "1002/181207", "level": "INFO", "message": "Preference changed: name=devtools.preferences, new_value=[object], source=unknown"}
{"logTime": "1002/181207", "level": "INFO", "message": "Preference changed: name=devtools.preferences, new_value=[object], source=unknown"}
{"logTime": "1002/181208", "level": "INFO", "message": "Preference changed: name=devtools.preferences, new_value=[object], source=unknown"}
{"logTime": "1002/181208", "level": "INFO", "message": "Preference changed: name=devtools.preferences, new_value=[object], source=unknown"}
{"logTime": "1002/181208", "level": "INFO", "message": "Preference changed: name=devtools.preferences, new_value=[object], source=unknown"}
{"logTime": "1002/181208", "level": "INFO", "message": "Preference changed: name=devtools.preferences, new_value=[object], source=unknown"}
{"logTime": "1002/181208", "level": "INFO", "message": "Preference changed: name=profile.content_settings.exceptions.trackers_data, new_value=[object], source=unknown"}
{"logTime": "1002/181209", "level": "INFO", "message": "Preference changed: name=extensions.settings, new_value=[object], source=unknown"}
{"logTime": "1002/181209", "level": "INFO", "message": "Preference changed: name=extensions.settings, new_value=[object], source=unknown"}
{"logTime": "1002/181209", "level": "INFO", "message": "Preference changed: name=devtools.preferences, new_value=[object], source=unknown"}
{"logTime": "1002/181209", "level": "INFO", "message": "Preference changed: name=devtools.preferences, new_value=[object], source=unknown"}
{"logTime": "1002/181209", "level": "INFO", "message": "Preference changed: name=extensions.settings, new_value=[object], source=unknown"}
{"logTime": "1002/181209", "level": "INFO", "message": "Preference changed: name=extensions.settings, new_value=[object], source=unknown"}
{"logTime": "1002/181209", "level": "INFO", "message": "Preference changed: name=extensions.settings, new_value=[object], source=unknown"}
{"logTime": "1002/181209", "level": "INFO", "message": "Preference changed: name=extensions.settings, new_value=[object], source=unknown"}
{"logTime": "1002/181209", "level": "INFO", "message": "Preference changed: name=extensions.settings, new_value=[object], source=unknown"}
{"logTime": "1002/181209", "level": "INFO", "message": "Preference changed: name=extensions.settings, new_value=[object], source=unknown"}
{"logTime": "1002/181209", "level": "INFO", "message": "Preference changed: name=extensions.settings, new_value=[object], source=unknown"}
{"logTime": "1002/181209", "level": "INFO", "message": "Preference changed: name=extensions.settings, new_value=[object], source=unknown"}
{"logTime": "1002/181209", "level": "INFO", "message": "Preference changed: name=extensions.settings, new_value=[object], source=unknown"}
{"logTime": "1002/181209", "level": "INFO", "message": "Preference changed: name=extensions.settings, new_value=[object], source=unknown"}
{"logTime": "1002/181209", "level": "INFO", "message": "Preference changed: name=extensions.settings, new_value=[object], source=unknown"}
{"logTime": "1002/181209", "level": "INFO", "message": "Preference changed: name=extensions.settings, new_value=[object], source=unknown"}
{"logTime": "1002/181209", "level": "INFO", "message": "Preference changed: name=extensions.settings, new_value=[object], source=unknown"}
{"logTime": "1002/181209", "level": "INFO", "message": "Preference changed: name=extensions.settings, new_value=[object], source=unknown"}
{"logTime": "1002/181209", "level": "INFO", "message": "Preference changed: name=extensions.settings, new_value=[object], source=unknown"}
{"logTime": "1002/181209", "level": "INFO", "message": "Preference changed: name=extensions.settings, new_value=[object], source=unknown"}
{"logTime": "1002/181209", "level": "INFO", "message": "Preference changed: name=extensions.settings, new_value=[object], source=unknown"}
{"logTime": "1002/181209", "level": "INFO", "message": "Preference changed: name=extensions.settings, new_value=[object], source=unknown"}
{"logTime": "1002/181209", "level": "INFO", "message": "Preference changed: name=extensions.microsoft_install_signature, new_value=[object], source=unknown"}
{"logTime": "1002/181209", "level": "INFO", "message": "Preference changed: name=extensions.settings, new_value=[object], source=unknown"}
{"logTime": "1002/181209", "level": "INFO", "message": "Preference changed: name=extensions.settings, new_value=[object], source=unknown"}
{"logTime": "1002/181209", "level": "INFO", "message": "Preference changed: name=extensions.settings, new_value=[object], source=unknown"}
{"logTime": "1002/181209", "level": "INFO", "message": "Preference changed: name=extensions.settings, new_value=[object], source=unknown"}
{"logTime": "1002/181209", "level": "INFO", "message": "Preference changed: name=extensions.settings, new_value=[object], source=unknown"}
{"logTime": "1002/181209", "level": "INFO", "message": "Preference changed: name=extensions.settings, new_value=[object], source=unknown"}
{"logTime": "1002/181209", "level": "INFO", "message": "Preference changed: name=extensions.settings, new_value=[object], source=unknown"}
{"logTime": "1002/181209", "level": "INFO", "message": "Preference changed: name=extensions.settings, new_value=[object], source=unknown"}
{"logTime": "1002/181209", "level": "INFO", "message": "Preference changed: name=extensions.settings, new_value=[object], source=unknown"}
{"logTime": "1002/181209", "level": "INFO", "message": "Preference changed: name=extensions.settings, new_value=[object], source=unknown"}
{"logTime": "1002/181209", "level": "INFO", "message": "Preference changed: name=extensions.settings, new_value=[object], source=unknown"}
{"logTime": "1002/181209", "level": "INFO", "message": "Preference changed: name=extensions.settings, new_value=[object], source=unknown"}
{"logTime": "1002/181209", "level": "INFO", "message": "Preference changed: name=extensions.settings, new_value=[object], source=unknown"}
{"logTime": "1002/181209", "level": "INFO", "message": "Preference changed: name=extensions.settings, new_value=[object], source=unknown"}
{"logTime": "1002/181209", "level": "INFO", "message": "Preference changed: name=extensions.settings, new_value=[object], source=unknown"}
{"logTime": "1002/181209", "level": "INFO", "message": "Preference changed: name=extensions.settings, new_value=[object], source=unknown"}
{"logTime": "1002/181210", "level": "INFO", "message": "Preference changed: name=extensions.microsoft_install_signature, new_value=[object], source=unknown"}
{"logTime": "1002/181211", "level": "INFO", "message": "Preference changed: name=in_product_help.session_last_active_time, new_value=\"13435438331360718\", source=unknown"}
{"logTime": "1002/181214", "level": "INFO", "message": "Preference changed: name=browser.app_window_placement, new_value=[object], source=unknown"}
{"logTime": "1002/181214", "level": "INFO", "message": "Preference changed: name=browser.app_window_placement, new_value=[object], source=unknown"}
{"logTime": "1002/181214", "level": "INFO", "message": "Preference changed: name=browser.app_window_placement, new_value=[object], source=unknown"}
{"logTime": "1002/181214", "level": "INFO", "message": "Preference changed: name=sessions.event_log, new_value=[object], source=unknown"}
{"logTime": "1002/181215", "level": "INFO", "message": "Preference changed: name=profile.content_settings.exceptions.media_engagement, new_value=[object], source=unknown"}
{"logTime": "1002/181215", "level": "INFO", "message": "Preference changed: name=profile.observed_session_time, new_value=[object], source=unknown"}
{"logTime": "1002/181215", "level": "INFO", "message": "Preference changed: name=sessions.session_data_status, new_value=2, source=unknown"}
{"logTime": "1002/181215", "level": "INFO", "message": "Preference changed: name=sessions.session_data_status, new_value=3, source=unknown"}
{"logTime": "1002/181234", "level": "INFO", "message": "UserPrefStore loaded: error=NONE (0)"}
{"logTime": "1002/181234", "level": "INFO", "message": "Preference changed: name=optimization_guide.previously_registered_optimization_types, new_value=[object], source=unknown"}
{"logTime": "1002/181234", "level": "INFO", "message": "Preference changed: name=extensions.chrome_url_overrides, new_value=[object], source=unknown"}
{"logTime": "1002/181234", "level": "INFO", "message": "Preference changed: name=sessions.session_data_status, new_value=1, source=unknown"}
{"logTime": "1002/181234", "level": "INFO", "message": "Preference changed: name=sessions.event_log, new_value=[object], source=unknown"}
{"logTime": "1002/181234", "level": "INFO", "message": "Preference changed: name=optimization_guide.previously_registered_optimization_types, new_value=[object], source=unknown"}
{"logTime": "1002/181234", "level": "INFO", "message": "Preference changed: name=optimization_guide.previously_registered_optimization_types, new_value=[object], source=unknown"}
{"logTime": "1002/181234", "level": "INFO", "message": "Preference changed: name=optimization_guide.previously_registered_optimization_types, new_value=[object], source=unknown"}
{"logTime": "1002/181234", "level": "INFO", "message": "Preference changed: name=optimization_guide.previously_registered_optimization_types, new_value=[object], source=unknown"}
{"logTime": "1002/181234", "level": "INFO", "message": "Preference changed: name=optimization_guide.previously_registered_optimization_types, new_value=[object], source=unknown"}
{"logTime": "1002/181234", "level": "INFO", "message": "Preference changed: name=profile.network_pbs, new_value=[object], source=unknown"}
{"logTime": "1002/181234", "level": "INFO", "message": "Preference changed: name=extension.installed_extension_count, new_value=4, source=unknown"}
{"logTime": "1002/181234", "level": "INFO", "message": "Preference changed: name=extensions.commands, new_value=[object], source=unknown"}
{"logTime": "1002/181234", "level": "INFO", "message": "Preference changed: name=extensions.settings, new_value=[object], source=unknown"}
{"logTime": "1002/181234", "level": "INFO", "message": "Preference changed: name=extensions.commands, new_value=[object], source=unknown"}
{"logTime": "1002/181234", "level": "INFO", "message": "Preference changed: name=extensions.settings, new_value=[object], source=unknown"}
{"logTime": "1002/181234", "level": "INFO", "message": "Preference changed: name=profile.password_hash_data_list, new_value=[object], source=unknown"}
{"logTime": "1002/181234", "level": "INFO", "message": "Preference changed: name=schedule_to_flush_to_disk, new_value=\"13435438354372884\", source=unknown"}
{"logTime": "1002/181234", "level": "INFO", "message": "Preference changed: name=schedule_to_flush_to_disk, new_value=\"13435438354374126\", source=unknown"}
{"logTime": "1002/181234", "level": "INFO", "message": "Preference changed: name=edge.services.signin_scoped_device_id, new_value=\"a31e51cb-6b84-4174-bf9d-12958b87ad5d\", source=unknown"}
{"logTime": "1002/181234", "level": "INFO", "message": "Preference changed: name=optimization_guide.previously_registered_optimization_types, new_value=[object], source=unknown"}
{"logTime": "1002/181234", "level": "INFO", "message": "Preference changed: name=extensions.chrome_url_overrides, new_value=[object], source=unknown"}
{"logTime": "1002/181234", "level": "INFO", "message": "Preference changed: name=autofill.credit_card_enabled, new_value=false, source=unknown"}
{"logTime": "1002/181234", "level": "INFO", "message": "Preference changed: name=enable_edge_collections, new_value=false, source=unknown"}
{"logTime": "1002/181234", "level": "INFO", "message": "Preference changed: name=resolve_navigation_errors_use_web_service.enabled, new_value=false, source=unknown"}
{"logTime": "1002/181234", "level": "INFO", "message": "Preference changed: name=alternate_error_pages.enabled, new_value=false, source=unknown"}
{"logTime": "1002/181234", "level": "INFO", "message": "Preference changed: name=optimization_guide.previously_registered_optimization_types, new_value=[object], source=unknown"}
{"logTime": "1002/181234", "level": "INFO", "message": "Preference changed: name=in_product_help.session_last_active_time, new_value=\"13435438354441987\", source=unknown"}
{"logTime": "1002/181234", "level": "INFO", "message": "Preference changed: name=optimization_guide.previously_registered_optimization_types, new_value=[object], source=unknown"}
{"logTime": "1002/181234", "level": "INFO", "message": "Preference changed: name=profile.content_settings.exceptions.storage_access_header_origin_trial, new_value=[object], source=unknown"}
{"logTime": "1002/181234", "level": "INFO", "message": "Preference changed: name=edge_rewards.coachmark_promotions, new_value=[object], source=unknown"}
{"logTime": "1002/181234", "level": "INFO", "message": "Preference changed: name=edge_rewards.hva_promotions, new_value=[object], source=unknown"}
{"logTime": "1002/181234", "level": "INFO", "message": "Preference changed: name=extensions.microsoft_install_signature, new_value=[object], source=unknown"}
{"logTime": "1002/181234", "level": "INFO", "message": "Preference changed: name=extensions.microsoft_install_signature, new_value=[object], source=unknown"}
{"logTime": "1002/181236", "level": "INFO", "message": "Preference changed: name=profile.content_settings.exceptions.site_engagement, new_value=[object], source=unknown"}
{"logTime": "1002/181236", "level": "INFO", "message": "Preference changed: name=profile.last_engagement_time, new_value=\"13435438356523792\", source=unknown"}
{"logTime": "1002/181236", "level": "INFO", "message": "Preference changed: name=language_model_counters, new_value=[object], source=unknown"}
{"logTime": "1002/181242", "level": "INFO", "message": "Preference changed: name=devtools.last_open_timestamp, new_value=\"13435438362754\", source=unknown"}
{"logTime": "1002/181242", "level": "INFO", "message": "Preference changed: name=browser.app_window_placement, new_value=[object], source=unknown"}
{"logTime": "1002/181242", "level": "INFO", "message": "Preference changed: name=browser.app_window_placement, new_value=[object], source=unknown"}
{"logTime": "1002/181243", "level": "INFO", "message": "Preference changed: name=devtools.preferences, new_value=[object], source=unknown"}
{"logTime": "1002/181243", "level": "INFO", "message": "Preference changed: name=devtools.synced_preferences_sync_disabled, new_value=[object], source=unknown"}
{"logTime": "1002/181243", "level": "INFO", "message": "Preference changed: name=devtools.preferences, new_value=[object], source=unknown"}
{"logTime": "1002/181243", "level": "INFO", "message": "Preference changed: name=devtools.synced_preferences_sync_disabled, new_value=[object], source=unknown"}
{"logTime": "1002/181243", "level": "INFO", "message": "Preference changed: name=devtools.preferences, new_value=[object], source=unknown"}
{"logTime": "1002/181243", "level": "INFO", "message": "Preference changed: name=devtools.preferences, new_value=[object], source=unknown"}
{"logTime": "1002/181243", "level": "INFO", "message": "Preference changed: name=devtools.preferences, new_value=[object], source=unknown"}
{"logTime": "1002/181243", "level": "INFO", "message": "Preference changed: name=devtools.preferences, new_value=[object], source=unknown"}
{"logTime": "1002/181243", "level": "INFO", "message": "Preference changed: name=devtools.preferences, new_value=[object], source=unknown"}
{"logTime": "1002/181243", "level": "INFO", "message": "Preference changed: name=devtools.preferences, new_value=[object], source=unknown"}
{"logTime": "1002/181243", "level": "INFO", "message": "Preference changed: name=devtools.preferences, new_value=[object], source=unknown"}
{"logTime": "1002/181243", "level": "INFO", "message": "Preference changed: name=devtools.preferences, new_value=[object], source=unknown"}
{"logTime": "1002/181243", "level": "INFO", "message": "Preference changed: name=devtools.preferences, new_value=[object], source=unknown"}
{"logTime": "1002/181243", "level": "INFO", "message": "Preference changed: name=devtools.preferences, new_value=[object], source=unknown"}
{"logTime": "1002/181243", "level": "INFO", "message": "Preference changed: name=devtools.synced_preferences_sync_disabled, new_value=[object], source=unknown"}
{"logTime": "1002/181243", "level": "INFO", "message": "Preference changed: name=devtools.preferences, new_value=[object], source=unknown"}
{"logTime": "1002/181244", "level": "INFO", "message": "Preference changed: name=devtools.preferences, new_value=[object], source=unknown"}
{"logTime": "1002/181244", "level": "INFO", "message": "Preference changed: name=devtools.preferences, new_value=[object], source=unknown"}
{"logTime": "1002/181244", "level": "INFO", "message": "Preference changed: name=devtools.preferences, new_value=[object], source=unknown"}
{"logTime": "1002/181244", "level": "INFO", "message": "Preference changed: name=devtools.preferences, new_value=[object], source=unknown"}
{"logTime": "1002/181244", "level": "INFO", "message": "Preference changed: name=devtools.preferences, new_value=[object], source=unknown"}
{"logTime": "1002/181244", "level": "INFO", "message": "PrefStore write completed: store=4, success=true"}
{"logTime": "1002/181244", "level": "INFO", "message": "PrefStore write completed: store=4, success=true"}
{"logTime": "1002/181245", "level": "INFO", "message": "Preference changed: name=extensions.settings, new_value=[object], source=unknown"}
{"logTime": "1002/181245", "level": "INFO", "message": "Preference changed: name=extensions.settings, new_value=[object], source=unknown"}
{"logTime": "1002/181245", "level": "INFO", "message": "Preference changed: name=extensions.settings, new_value=[object], source=unknown"}
{"logTime": "1002/181245", "level": "INFO", "message": "Preference changed: name=extensions.settings, new_value=[object], source=unknown"}
{"logTime": "1002/181245", "level": "INFO", "message": "Preference changed: name=extensions.settings, new_value=[object], source=unknown"}
{"logTime": "1002/181245", "level": "INFO", "message": "Preference changed: name=extensions.settings, new_value=[object], source=unknown"}
{"logTime": "1002/181245", "level": "INFO", "message": "Preference changed: name=extensions.settings, new_value=[object], source=unknown"}
{"logTime": "1002/181245", "level": "INFO", "message": "Preference changed: name=extensions.settings, new_value=[object], source=unknown"}
{"logTime": "1002/181245", "level": "INFO", "message": "Preference changed: name=extensions.settings, new_value=[object], source=unknown"}
{"logTime": "1002/181245", "level": "INFO", "message": "Preference changed: name=extensions.settings, new_value=[object], source=unknown"}
{"logTime": "1002/181245", "level": "INFO", "message": "Preference changed: name=extensions.settings, new_value=[object], source=unknown"}
{"logTime": "1002/181245", "level": "INFO", "message": "Preference changed: name=extensions.settings, new_value=[object], source=unknown"}
{"logTime": "1002/181245", "level": "INFO", "message": "Preference changed: name=extensions.settings, new_value=[object], source=unknown"}
{"logTime": "1002/181245", "level": "INFO", "message": "Preference changed: name=extensions.settings, new_value=[object], source=unknown"}
{"logTime": "1002/181245", "level": "INFO", "message": "Preference changed: name=extensions.settings, new_value=[object], source=unknown"}
{"logTime": "1002/181245", "level": "INFO", "message": "Preference changed: name=extensions.settings, new_value=[object], source=unknown"}
{"logTime": "1002/181245", "level": "INFO", "message": "Preference changed: name=extensions.settings, new_value=[object], source=unknown"}
{"logTime": "1002/181245", "level": "INFO", "message": "Preference changed: name=extensions.settings, new_value=[object], source=unknown"}
{"logTime": "1002/181245", "level": "INFO", "message": "Preference changed: name=extensions.microsoft_install_signature, new_value=[object], source=unknown"}
{"logTime": "1002/181245", "level": "INFO", "message": "Preference changed: name=extensions.settings, new_value=[object], source=unknown"}
{"logTime": "1002/181245", "level": "INFO", "message": "Preference changed: name=extensions.settings, new_value=[object], source=unknown"}
{"logTime": "1002/181245", "level": "INFO", "message": "Preference changed: name=extensions.settings, new_value=[object], source=unknown"}
{"logTime": "1002/181245", "level": "INFO", "message": "Preference changed: name=extensions.settings, new_value=[object], source=unknown"}
{"logTime": "1002/181245", "level": "INFO", "message": "Preference changed: name=extensions.settings, new_value=[object], source=unknown"}
{"logTime": "1002/181245", "level": "INFO", "message": "Preference changed: name=extensions.settings, new_value=[object], source=unknown"}
{"logTime": "1002/181245", "level": "INFO", "message": "Preference changed: name=extensions.settings, new_value=[object], source=unknown"}
{"logTime": "1002/181245", "level": "INFO", "message": "Preference changed: name=extensions.settings, new_value=[object], source=unknown"}
{"logTime": "1002/181245", "level": "INFO", "message": "Preference changed: name=extensions.settings, new_value=[object], source=unknown"}
{"logTime": "1002/181245", "level": "INFO", "message": "Preference changed: name=extensions.settings, new_value=[object], source=unknown"}
{"logTime": "1002/181245", "level": "INFO", "message": "Preference changed: name=extensions.settings, new_value=[object], source=unknown"}
{"logTime": "1002/181245", "level": "INFO", "message": "Preference changed: name=extensions.settings, new_value=[object], source=unknown"}
{"logTime": "1002/181245", "level": "INFO", "message": "Preference changed: name=extensions.settings, new_value=[object], source=unknown"}
{"logTime": "1002/181245", "level": "INFO", "message": "Preference changed: name=extensions.settings, new_value=[object], source=unknown"}
{"logTime": "1002/181245", "level": "INFO", "message": "Preference changed: name=extensions.settings, new_value=[object], source=unknown"}
{"logTime": "1002/181245", "level": "INFO", "message": "Preference changed: name=extensions.settings, new_value=[object], source=unknown"}
{"logTime": "1002/181245", "level": "INFO", "message": "Preference changed: name=extensions.settings, new_value=[object], source=unknown"}
{"logTime": "1002/181245", "level": "INFO", "message": "Preference changed: name=extensions.settings, new_value=[object], source=unknown"}
{"logTime": "1002/181246", "level": "INFO", "message": "Preference changed: name=extensions.microsoft_install_signature, new_value=[object], source=unknown"}
{"logTime": "1002/181249", "level": "INFO", "message": "Preference changed: name=in_product_help.session_last_active_time, new_value=\"13435438367444721\", source=unknown"}
{"logTime": "1002/181255", "level": "INFO", "message": "PrefStore write completed: store=4, success=true"}
{"logTime": "1002/181255", "level": "INFO", "message": "Preference changed: name=browser.app_window_placement, new_value=[object], source=unknown"}
{"logTime": "1002/181255", "level": "INFO", "message": "PrefStore write completed: store=4, success=true"}
{"logTime": "1002/181258", "level": "INFO", "message": "Preference changed: name=profile.observed_session_time, new_value=[object], source=unknown"}
{"logTime": "1002/181303", "level": "INFO", "message": "Preference changed: name=profile.content_settings.exceptions.site_engagement, new_value=[object], source=unknown"}
{"logTime": "1002/181303", "level": "INFO", "message": "Preference changed: name=profile.last_engagement_time, new_value=\"13435438383486455\", source=unknown"}
{"logTime": "1002/181304", "level": "INFO", "message": "Preference changed: name=in_product_help.session_last_active_time, new_value=\"13435438384447397\", source=unknown"}
{"logTime": "1002/181308", "level": "INFO", "message": "PrefStore write completed: store=4, success=true"}
{"logTime": "1002/181319", "level": "INFO", "message": "Preference changed: name=in_product_help.session_last_active_time, new_value=\"13435438397451360\", source=unknown"}
{"logTime": "1002/181322", "level": "INFO", "message": "Preference changed: name=profile.content_settings.exceptions.site_engagement, new_value=[object], source=unknown"}
{"logTime": "1002/181322", "level": "INFO", "message": "Preference changed: name=profile.last_engagement_time, new_value=\"13435438402784814\", source=unknown"}
{"logTime": "1002/181334", "level": "INFO", "message": "Preference changed: name=in_product_help.session_last_active_time, new_value=\"13435438414453009\", source=unknown"}
{"logTime": "1002/181334", "level": "INFO", "message": "Preference changed: name=profile.content_settings.exceptions.site_engagement, new_value=[object], source=unknown"}
{"logTime": "1002/181334", "level": "INFO", "message": "Preference changed: name=profile.last_engagement_time, new_value=\"13435438414725345\", source=unknown"}
{"logTime": "1002/181348", "level": "INFO", "message": "Preference changed: name=profile.content_settings.exceptions.site_engagement, new_value=[object], source=unknown"}
{"logTime": "1002/181348", "level": "INFO", "message": "Preference changed: name=profile.last_engagement_time, new_value=\"13435438428639410\", source=unknown"}
{"logTime": "1002/181353", "level": "INFO", "message": "Preference changed: name=profile.observed_session_time, new_value=[object], source=unknown"}
{"logTime": "1002/181403", "level": "INFO", "message": "PrefStore write completed: store=4, success=true"}
{"logTime": "1002/181404", "level": "INFO", "message": "Preference changed: name=browser.app_window_placement, new_value=[object], source=unknown"}
{"logTime": "1002/181404", "level": "INFO", "message": "Preference changed: name=browser.app_window_placement, new_value=[object], source=unknown"}
{"logTime": "1002/181404", "level": "INFO", "message": "Preference changed: name=browser.app_window_placement, new_value=[object], source=unknown"}
{"logTime": "1002/181404", "level": "INFO", "message": "Preference changed: name=sessions.event_log, new_value=[object], source=unknown"}
{"logTime": "1002/181414", "level": "INFO", "message": "PrefStore write completed: store=4, success=true"}
{"logTime": "1002/181429", "level": "INFO", "message": "Preference changed: name=profile.content_settings.exceptions.media_engagement, new_value=[object], source=unknown"}
{"logTime": "1002/181429", "level": "INFO", "message": "Preference changed: name=profile.observed_session_time, new_value=[object], source=unknown"}
{"logTime": "1002/181429", "level": "INFO", "message": "Preference changed: name=sessions.session_data_status, new_value=2, source=unknown"}
{"logTime": "1002/181429", "level": "INFO", "message": "Preference changed: name=sessions.session_data_status, new_value=3, source=unknown"}
{"logTime": "1002/182534", "level": "INFO", "message": "UserPrefStore loaded: error=NONE (0)"}
{"logTime": "1002/182534", "level": "INFO", "message": "Preference changed: name=optimization_guide.previously_registered_optimization_types, new_value=[object], source=unknown"}
{"logTime": "1002/182534", "level": "INFO", "message": "Preference changed: name=extensions.chrome_url_overrides, new_value=[object], source=unknown"}
{"logTime": "1002/182534", "level": "INFO", "message": "Preference changed: name=sessions.session_data_status, new_value=1, source=unknown"}
{"logTime": "1002/182534", "level": "INFO", "message": "Preference changed: name=sessions.event_log, new_value=[object], source=unknown"}
{"logTime": "1002/182534", "level": "INFO", "message": "Preference changed: name=optimization_guide.previously_registered_optimization_types, new_value=[object], source=unknown"}
{"logTime": "1002/182534", "level": "INFO", "message": "Preference changed: name=optimization_guide.previously_registered_optimization_types, new_value=[object], source=unknown"}
{"logTime": "1002/182534", "level": "INFO", "message": "Preference changed: name=optimization_guide.previously_registered_optimization_types, new_value=[object], source=unknown"}
{"logTime": "1002/182534", "level": "INFO", "message": "Preference changed: name=optimization_guide.previously_registered_optimization_types, new_value=[object], source=unknown"}
{"logTime": "1002/182534", "level": "INFO", "message": "Preference changed: name=optimization_guide.previously_registered_optimization_types, new_value=[object], source=unknown"}
{"logTime": "1002/182534", "level": "INFO", "message": "Preference changed: name=profile.network_pbs, new_value=[object], source=unknown"}
{"logTime": "1002/182534", "level": "INFO", "message": "Preference changed: name=extensions.commands, new_value=[object], source=unknown"}
{"logTime": "1002/182534", "level": "INFO", "message": "Preference changed: name=extensions.settings, new_value=[object], source=unknown"}
{"logTime": "1002/182534", "level": "INFO", "message": "Preference changed: name=extensions.commands, new_value=[object], source=unknown"}
{"logTime": "1002/182534", "level": "INFO", "message": "Preference changed: name=extensions.settings, new_value=[object], source=unknown"}
{"logTime": "1002/182534", "level": "INFO", "message": "Preference changed: name=profile.password_hash_data_list, new_value=[object], source=unknown"}
{"logTime": "1002/182534", "level": "INFO", "message": "Preference changed: name=schedule_to_flush_to_disk, new_value=\"13435439134873260\", source=unknown"}
{"logTime": "1002/182534", "level": "INFO", "message": "Preference changed: name=schedule_to_flush_to_disk, new_value=\"13435439134874346\", source=unknown"}
{"logTime": "1002/182534", "level": "INFO", "message": "Preference changed: name=edge.services.signin_scoped_device_id, new_value=\"01f8b29b-79f4-4d67-84e8-4f974fa86c0e\", source=unknown"}
{"logTime": "1002/182534", "level": "INFO", "message": "Preference changed: name=optimization_guide.previously_registered_optimization_types, new_value=[object], source=unknown"}
{"logTime": "1002/182534", "level": "INFO", "message": "Preference changed: name=extensions.chrome_url_overrides, new_value=[object], source=unknown"}
{"logTime": "1002/182534", "level": "INFO", "message": "Preference changed: name=autofill.credit_card_enabled, new_value=false, source=unknown"}
{"logTime": "1002/182534", "level": "INFO", "message": "Preference changed: name=enable_edge_collections, new_value=false, source=unknown"}
{"logTime": "1002/182534", "level": "INFO", "message": "Preference changed: name=resolve_navigation_errors_use_web_service.enabled, new_value=false, source=unknown"}
{"logTime": "1002/182534", "level": "INFO", "message": "Preference changed: name=alternate_error_pages.enabled, new_value=false, source=unknown"}
{"logTime": "1002/182534", "level": "INFO", "message": "Preference changed: name=optimization_guide.previously_registered_optimization_types, new_value=[object], source=unknown"}
{"logTime": "1002/182534", "level": "INFO", "message": "Preference changed: name=in_product_help.session_last_active_time, new_value=\"13435439134935933\", source=unknown"}
{"logTime": "1002/182534", "level": "INFO", "message": "Preference changed: name=optimization_guide.previously_registered_optimization_types, new_value=[object], source=unknown"}
{"logTime": "1002/182534", "level": "INFO", "message": "Preference changed: name=profile.content_settings.exceptions.storage_access_header_origin_trial, new_value=[object], source=unknown"}
{"logTime": "1002/182535", "level": "INFO", "message": "Preference changed: name=edge_rewards.coachmark_promotions, new_value=[object], source=unknown"}
{"logTime": "1002/182535", "level": "INFO", "message": "Preference changed: name=edge_rewards.hva_promotions, new_value=[object], source=unknown"}
{"logTime": "1002/182535", "level": "INFO", "message": "Preference changed: name=extensions.microsoft_install_signature, new_value=[object], source=unknown"}
{"logTime": "1002/182535", "level": "INFO", "message": "Preference changed: name=extensions.microsoft_install_signature, new_value=[object], source=unknown"}
{"logTime": "1002/182537", "level": "INFO", "message": "Preference changed: name=profile.content_settings.exceptions.site_engagement, new_value=[object], source=unknown"}
{"logTime": "1002/182537", "level": "INFO", "message": "Preference changed: name=profile.last_engagement_time, new_value=\"13435439137020366\", source=unknown"}
{"logTime": "1002/182537", "level": "INFO", "message": "Preference changed: name=language_model_counters, new_value=[object], source=unknown"}
{"logTime": "1002/182544", "level": "INFO", "message": "PrefStore write completed: store=4, success=true"}
{"logTime": "1002/182544", "level": "INFO", "message": "PrefStore write completed: store=4, success=true"}
{"logTime": "1002/182558", "level": "INFO", "message": "Preference changed: name=profile.content_settings.exceptions.site_engagement, new_value=[object], source=unknown"}
{"logTime": "1002/182558", "level": "INFO", "message": "Preference changed: name=profile.last_engagement_time, new_value=\"13435439158376217\", source=unknown"}
{"logTime": "1002/182604", "level": "INFO", "message": "Preference changed: name=profile.observed_session_time, new_value=[object], source=unknown"}
{"logTime": "1002/182614", "level": "INFO", "message": "PrefStore write completed: store=4, success=true"}
{"logTime": "1002/182635", "level": "INFO", "message": "Preference changed: name=profile.content_settings.exceptions.site_engagement, new_value=[object], source=unknown"}
{"logTime": "1002/182635", "level": "INFO", "message": "Preference changed: name=profile.last_engagement_time, new_value=\"13435439195214280\", source=unknown"}
{"logTime": "1002/182646", "level": "INFO", "message": "Preference changed: name=profile.content_settings.exceptions.site_engagement, new_value=[object], source=unknown"}
{"logTime": "1002/182646", "level": "INFO", "message": "Preference changed: name=profile.last_engagement_time, new_value=\"13435439206215008\", source=unknown"}
{"logTime": "1002/182702", "level": "INFO", "message": "Preference changed: name=profile.content_settings.exceptions.site_engagement, new_value=[object], source=unknown"}
{"logTime": "1002/182702", "level": "INFO", "message": "Preference changed: name=profile.last_engagement_time, new_value=\"13435439222777453\", source=unknown"}
{"logTime": "1002/182704", "level": "INFO", "message": "Preference changed: name=autofill.upload_encoding_seed, new_value=\"E88AFC67FAB7AA97F16C6B32C1A2CCAB\", source=unknown"}
{"logTime": "1002/182713", "level": "INFO", "message": "Preference changed: name=profile.content_settings.exceptions.site_engagement, new_value=[object], source=unknown"}
{"logTime": "1002/182713", "level": "INFO", "message": "Preference changed: name=profile.last_engagement_time, new_value=\"13435439233461638\", source=unknown"}
{"logTime": "1002/182714", "level": "INFO", "message": "PrefStore write completed: store=4, success=true"}
{"logTime": "1002/182719", "level": "INFO", "message": "Preference changed: name=in_product_help.session_last_active_time, new_value=\"13435439234971259\", source=unknown"}
{"logTime": "1002/182734", "level": "INFO", "message": "Preference changed: name=in_product_help.session_last_active_time, new_value=\"13435439234972127\", source=unknown"}
{"logTime": "1002/182819", "level": "INFO", "message": "Preference changed: name=in_product_help.session_last_active_time, new_value=\"13435439296997326\", source=unknown"}
{"logTime": "1002/182835", "level": "INFO", "message": "Preference changed: name=in_product_help.session_last_active_time, new_value=\"13435439297012508\", source=unknown"}
{"logTime": "1002/182840", "level": "INFO", "message": "Preference changed: name=profile.content_settings.exceptions.media_engagement, new_value=[object], source=unknown"}
{"logTime": "1002/182840", "level": "INFO", "message": "Preference changed: name=profile.observed_session_time, new_value=[object], source=unknown"}
{"logTime": "1002/182840", "level": "INFO", "message": "Preference changed: name=sessions.session_data_status, new_value=2, source=unknown"}
{"logTime": "1002/182840", "level": "INFO", "message": "Preference changed: name=sessions.session_data_status, new_value=3, source=unknown"}
{"logTime": "1002/182840", "level": "INFO", "message": "Preference changed: name=sessions.event_log, new_value=[object], source=unknown"}
{"logTime": "1002/182844", "level": "INFO", "message": "UserPrefStore loaded: error=NONE (0)"}
{"logTime": "1002/182844", "level": "INFO", "message": "Preference changed: name=optimization_guide.previously_registered_optimization_types, new_value=[object], source=unknown"}
{"logTime": "1002/182844", "level": "INFO", "message": "Preference changed: name=extensions.chrome_url_overrides, new_value=[object], source=unknown"}
{"logTime": "1002/182844", "level": "INFO", "message": "Preference changed: name=sessions.session_data_status, new_value=1, source=unknown"}
{"logTime": "1002/182844", "level": "INFO", "message": "Preference changed: name=sessions.event_log, new_value=[object], source=unknown"}
{"logTime": "1002/182844", "level": "INFO", "message": "Preference changed: name=optimization_guide.previously_registered_optimization_types, new_value=[object], source=unknown"}
{"logTime": "1002/182844", "level": "INFO", "message": "Preference changed: name=optimization_guide.previously_registered_optimization_types, new_value=[object], source=unknown"}
{"logTime": "1002/182844", "level": "INFO", "message": "Preference changed: name=optimization_guide.previously_registered_optimization_types, new_value=[object], source=unknown"}
{"logTime": "1002/182844", "level": "INFO", "message": "Preference changed: name=optimization_guide.previously_registered_optimization_types, new_value=[object], source=unknown"}
{"logTime": "1002/182844", "level": "INFO", "message": "Preference changed: name=optimization_guide.previously_registered_optimization_types, new_value=[object], source=unknown"}
{"logTime": "1002/182844", "level": "INFO", "message": "Preference changed: name=profile.network_pbs, new_value=[object], source=unknown"}
{"logTime": "1002/182844", "level": "INFO", "message": "Preference changed: name=extension.installed_extension_count, new_value=2, source=unknown"}
{"logTime": "1002/182844", "level": "INFO", "message": "Preference changed: name=profile.password_hash_data_list, new_value=[object], source=unknown"}
{"logTime": "1002/182844", "level": "INFO", "message": "Preference changed: name=schedule_to_flush_to_disk, new_value=\"13435439324984940\", source=unknown"}
{"logTime": "1002/182844", "level": "INFO", "message": "Preference changed: name=schedule_to_flush_to_disk, new_value=\"13435439324985933\", source=unknown"}
{"logTime": "1002/182844", "level": "INFO", "message": "Preference changed: name=edge.services.signin_scoped_device_id, new_value=\"24ed2b52-0901-4e38-8324-98cf210baef5\", source=unknown"}
{"logTime": "1002/182844", "level": "INFO", "message": "Preference changed: name=optimization_guide.previously_registered_optimization_types, new_value=[object], source=unknown"}
{"logTime": "1002/182844", "level": "INFO", "message": "Preference changed: name=extensions.chrome_url_overrides, new_value=[object], source=unknown"}
{"logTime": "1002/182844", "level": "INFO", "message": "Preference changed: name=autofill.credit_card_enabled, new_value=false, source=unknown"}
{"logTime": "1002/182844", "level": "INFO", "message": "Preference changed: name=enable_edge_collections, new_value=false, source=unknown"}
{"logTime": "1002/182844", "level": "INFO", "message": "Preference changed: name=resolve_navigation_errors_use_web_service.enabled, new_value=false, source=unknown"}
{"logTime": "1002/182844", "level": "INFO", "message": "Preference changed: name=alternate_error_pages.enabled, new_value=false, source=unknown"}
{"logTime": "1002/182844", "level": "INFO", "message": "Preference changed: name=optimization_guide.previously_registered_optimization_types, new_value=[object], source=unknown"}
{"logTime": "1002/182845", "level": "INFO", "message": "Preference changed: name=in_product_help.session_last_active_time, new_value=\"13435439325046093\", source=unknown"}
{"logTime": "1002/182845", "level": "INFO", "message": "Preference changed: name=optimization_guide.previously_registered_optimization_types, new_value=[object], source=unknown"}
{"logTime": "1002/182845", "level": "INFO", "message": "Preference changed: name=profile.content_settings.exceptions.storage_access_header_origin_trial, new_value=[object], source=unknown"}
{"logTime": "1002/182845", "level": "INFO", "message": "Preference changed: name=edge_rewards.coachmark_promotions, new_value=[object], source=unknown"}
{"logTime": "1002/182845", "level": "INFO", "message": "Preference changed: name=edge_rewards.hva_promotions, new_value=[object], source=unknown"}
{"logTime": "1002/182847", "level": "INFO", "message": "Preference changed: name=profile.content_settings.exceptions.site_engagement, new_value=[object], source=unknown"}
{"logTime": "1002/182847", "level": "INFO", "message": "Preference changed: name=profile.last_engagement_time, new_value=\"13435439327121829\", source=unknown"}
{"logTime": "1002/182847", "level": "INFO", "message": "Preference changed: name=language_model_counters, new_value=[object], source=unknown"}
{"logTime": "1002/182855", "level": "INFO", "message": "PrefStore write completed: store=4, success=true"}
{"logTime": "1002/182855", "level": "INFO", "message": "PrefStore write completed: store=4, success=true"}
{"logTime": "1002/182925", "level": "INFO", "message": "Preference changed: name=profile.content_settings.exceptions.site_engagement, new_value=[object], source=unknown"}
{"logTime": "1002/182925", "level": "INFO", "message": "Preference changed: name=profile.last_engagement_time, new_value=\"13435439365895343\", source=unknown"}
{"logTime": "1002/182930", "level": "INFO", "message": "Preference changed: name=in_product_help.session_last_active_time, new_value=\"13435439369058412\", source=unknown"}
{"logTime": "1002/182945", "level": "INFO", "message": "Preference changed: name=in_product_help.session_last_active_time, new_value=\"13435439369073573\", source=unknown"}
{"logTime": "1002/183012", "level": "INFO", "message": "Preference changed: name=profile.content_settings.exceptions.site_engagement, new_value=[object], source=unknown"}
{"logTime": "1002/183012", "level": "INFO", "message": "Preference changed: name=profile.last_engagement_time, new_value=\"13435439412636152\", source=unknown"}
{"logTime": "1002/183015", "level": "INFO", "message": "Preference changed: name=in_product_help.session_last_active_time, new_value=\"13435439413099768\", source=unknown"}
{"logTime": "1002/183030", "level": "INFO", "message": "Preference changed: name=in_product_help.session_last_active_time, new_value=\"13435439421114214\", source=unknown"}
{"logTime": "1002/183055", "level": "INFO", "message": "Preference changed: name=profile.content_settings.exceptions.site_engagement, new_value=[object], source=unknown"}
{"logTime": "1002/183055", "level": "INFO", "message": "Preference changed: name=profile.last_engagement_time, new_value=\"13435439455091184\", source=unknown"}
{"logTime": "1002/183100", "level": "INFO", "message": "Preference changed: name=in_product_help.session_last_active_time, new_value=\"13435439458130398\", source=unknown"}
{"logTime": "1002/183106", "level": "INFO", "message": "Preference changed: name=profile.content_settings.exceptions.site_engagement, new_value=[object], source=unknown"}
{"logTime": "1002/183106", "level": "INFO", "message": "Preference changed: name=profile.last_engagement_time, new_value=\"13435439466664091\", source=unknown"}
{"logTime": "1002/183130", "level": "INFO", "message": "Preference changed: name=in_product_help.session_last_active_time, new_value=\"13435439482146183\", source=unknown"}
{"logTime": "1002/183139", "level": "INFO", "message": "Preference changed: name=profile.content_settings.exceptions.site_engagement, new_value=[object], source=unknown"}
{"logTime": "1002/183139", "level": "INFO", "message": "Preference changed: name=profile.last_engagement_time, new_value=\"13435439499222085\", source=unknown"}
{"logTime": "1002/183145", "level": "INFO", "message": "Preference changed: name=in_product_help.session_last_active_time, new_value=\"13435439503147916\", source=unknown"}
{"logTime": "1002/183200", "level": "INFO", "message": "Preference changed: name=in_product_help.session_last_active_time, new_value=\"13435439503156800\", source=unknown"}
{"logTime": "1002/183201", "level": "INFO", "message": "Preference changed: name=profile.content_settings.exceptions.media_engagement, new_value=[object], source=unknown"}
{"logTime": "1002/183201", "level": "INFO", "message": "Preference changed: name=profile.observed_session_time, new_value=[object], source=unknown"}
{"logTime": "1002/183201", "level": "INFO", "message": "Preference changed: name=sessions.session_data_status, new_value=2, source=unknown"}
{"logTime": "1002/183201", "level": "INFO", "message": "Preference changed: name=sessions.session_data_status, new_value=3, source=unknown"}
{"logTime": "1002/183201", "level": "INFO", "message": "Preference changed: name=sessions.event_log, new_value=[object], source=unknown"}
{"logTime": "1002/183947", "level": "INFO", "message": "UserPrefStore loaded: error=NONE (0)"}
{"logTime": "1002/183947", "level": "INFO", "message": "Preference changed: name=optimization_guide.previously_registered_optimization_types, new_value=[object], source=unknown"}
{"logTime": "1002/183947", "level": "INFO", "message": "Preference changed: name=extensions.chrome_url_overrides, new_value=[object], source=unknown"}
{"logTime": "1002/183947", "level": "INFO", "message": "Preference changed: name=sessions.session_data_status, new_value=1, source=unknown"}
{"logTime": "1002/183947", "level": "INFO", "message": "Preference changed: name=sessions.event_log, new_value=[object], source=unknown"}
{"logTime": "1002/183947", "level": "INFO", "message": "Preference changed: name=optimization_guide.previously_registered_optimization_types, new_value=[object], source=unknown"}
{"logTime": "1002/183947", "level": "INFO", "message": "Preference changed: name=optimization_guide.previously_registered_optimization_types, new_value=[object], source=unknown"}
{"logTime": "1002/183947", "level": "INFO", "message": "Preference changed: name=optimization_guide.previously_registered_optimization_types, new_value=[object], source=unknown"}
{"logTime": "1002/183947", "level": "INFO", "message": "Preference changed: name=optimization_guide.previously_registered_optimization_types, new_value=[object], source=unknown"}
{"logTime": "1002/183947", "level": "INFO", "message": "Preference changed: name=optimization_guide.previously_registered_optimization_types, new_value=[object], source=unknown"}
{"logTime": "1002/183947", "level": "INFO", "message": "Preference changed: name=profile.network_pbs, new_value=[object], source=unknown"}
{"logTime": "1002/183947", "level": "INFO", "message": "Preference changed: name=profile.password_hash_data_list, new_value=[object], source=unknown"}
{"logTime": "1002/183947", "level": "INFO", "message": "Preference changed: name=schedule_to_flush_to_disk, new_value=\"13435439987370995\", source=unknown"}
{"logTime": "1002/183947", "level": "INFO", "message": "Preference changed: name=schedule_to_flush_to_disk, new_value=\"13435439987372066\", source=unknown"}
{"logTime": "1002/183947", "level": "INFO", "message": "Preference changed: name=edge.services.signin_scoped_device_id, new_value=\"649a93b8-2d1f-4aea-ab99-116576aad429\", source=unknown"}
{"logTime": "1002/183947", "level": "INFO", "message": "Preference changed: name=optimization_guide.previously_registered_optimization_types, new_value=[object], source=unknown"}
{"logTime": "1002/183947", "level": "INFO", "message": "Preference changed: name=extensions.chrome_url_overrides, new_value=[object], source=unknown"}
{"logTime": "1002/183947", "level": "INFO", "message": "Preference changed: name=autofill.credit_card_enabled, new_value=false, source=unknown"}
{"logTime": "1002/183947", "level": "INFO", "message": "Preference changed: name=enable_edge_collections, new_value=false, source=unknown"}
{"logTime": "1002/183947", "level": "INFO", "message": "Preference changed: name=resolve_navigation_errors_use_web_service.enabled, new_value=false, source=unknown"}
{"logTime": "1002/183947", "level": "INFO", "message": "Preference changed: name=alternate_error_pages.enabled, new_value=false, source=unknown"}
{"logTime": "1002/183947", "level": "INFO", "message": "Preference changed: name=optimization_guide.previously_registered_optimization_types, new_value=[object], source=unknown"}
{"logTime": "1002/183947", "level": "INFO", "message": "Preference changed: name=in_product_help.session_last_active_time, new_value=\"13435439987431879\", source=unknown"}
{"logTime": "1002/183947", "level": "INFO", "message": "Preference changed: name=optimization_guide.previously_registered_optimization_types, new_value=[object], source=unknown"}
{"logTime": "1002/183947", "level": "INFO", "message": "Preference changed: name=profile.content_settings.exceptions.storage_access_header_origin_trial, new_value=[object], source=unknown"}
{"logTime": "1002/183947", "level": "INFO", "message": "Preference changed: name=edge_rewards.coachmark_promotions, new_value=[object], source=unknown"}
{"logTime": "1002/183947", "level": "INFO", "message": "Preference changed: name=edge_rewards.hva_promotions, new_value=[object], source=unknown"}
{"logTime": "1002/183949", "level": "INFO", "message": "Preference changed: name=profile.content_settings.exceptions.site_engagement, new_value=[object], source=unknown"}
{"logTime": "1002/183949", "level": "INFO", "message": "Preference changed: name=profile.last_engagement_time, new_value=\"13435439989520680\", source=unknown"}
{"logTime": "1002/183949", "level": "INFO", "message": "Preference changed: name=language_model_counters, new_value=[object], source=unknown"}
{"logTime": "1002/183957", "level": "INFO", "message": "PrefStore write completed: store=4, success=true"}
{"logTime": "1002/183957", "level": "INFO", "message": "PrefStore write completed: store=4, success=true"}
{"logTime": "1002/184000", "level": "INFO", "message": "Preference changed: name=profile.content_settings.exceptions.site_engagement, new_value=[object], source=unknown"}
{"logTime": "1002/184000", "level": "INFO", "message": "Preference changed: name=profile.last_engagement_time, new_value=\"13435440000673120\", source=unknown"}
{"logTime": "1002/184002", "level": "INFO", "message": "Preference changed: name=in_product_help.session_last_active_time, new_value=\"13435440002434418\", source=unknown"}
{"logTime": "1002/184010", "level": "INFO", "message": "Preference changed: name=profile.content_settings.exceptions.media_engagement, new_value=[object], source=unknown"}
{"logTime": "1002/184010", "level": "INFO", "message": "Preference changed: name=profile.observed_session_time, new_value=[object], source=unknown"}
{"logTime": "1002/184010", "level": "INFO", "message": "Preference changed: name=sessions.session_data_status, new_value=2, source=unknown"}
{"logTime": "1002/184010", "level": "INFO", "message": "Preference changed: name=sessions.session_data_status, new_value=3, source=unknown"}
{"logTime": "1002/184010", "level": "INFO", "message": "Preference changed: name=sessions.event_log, new_value=[object], source=unknown"}
{"logTime": "1002/185154", "level": "INFO", "message": "UserPrefStore loaded: error=NONE (0)"}
{"logTime": "1002/185154", "level": "INFO", "message": "Preference changed: name=optimization_guide.previously_registered_optimization_types, new_value=[object], source=unknown"}
{"logTime": "1002/185154", "level": "INFO", "message": "Preference changed: name=extensions.chrome_url_overrides, new_value=[object], source=unknown"}
{"logTime": "1002/185154", "level": "INFO", "message": "Preference changed: name=sessions.session_data_status, new_value=1, source=unknown"}
{"logTime": "1002/185154", "level": "INFO", "message": "Preference changed: name=sessions.event_log, new_value=[object], source=unknown"}
{"logTime": "1002/185154", "level": "INFO", "message": "Preference changed: name=optimization_guide.previously_registered_optimization_types, new_value=[object], source=unknown"}
{"logTime": "1002/185154", "level": "INFO", "message": "Preference changed: name=optimization_guide.previously_registered_optimization_types, new_value=[object], source=unknown"}
{"logTime": "1002/185154", "level": "INFO", "message": "Preference changed: name=optimization_guide.previously_registered_optimization_types, new_value=[object], source=unknown"}
{"logTime": "1002/185154", "level": "INFO", "message": "Preference changed: name=optimization_guide.previously_registered_optimization_types, new_value=[object], source=unknown"}
{"logTime": "1002/185154", "level": "INFO", "message": "Preference changed: name=optimization_guide.previously_registered_optimization_types, new_value=[object], source=unknown"}
{"logTime": "1002/185154", "level": "INFO", "message": "Preference changed: name=profile.network_pbs, new_value=[object], source=unknown"}
{"logTime": "1002/185154", "level": "INFO", "message": "Preference changed: name=profile.password_hash_data_list, new_value=[object], source=unknown"}
{"logTime": "1002/185154", "level": "INFO", "message": "Preference changed: name=schedule_to_flush_to_disk, new_value=\"13435440714544717\", source=unknown"}
{"logTime": "1002/185154", "level": "INFO", "message": "Preference changed: name=schedule_to_flush_to_disk, new_value=\"13435440714545690\", source=unknown"}
{"logTime": "1002/185154", "level": "INFO", "message": "Preference changed: name=edge.services.signin_scoped_device_id, new_value=\"82460ae0-f166-4f21-ae06-b48784d8f8dd\", source=unknown"}
{"logTime": "1002/185154", "level": "INFO", "message": "Preference changed: name=optimization_guide.previously_registered_optimization_types, new_value=[object], source=unknown"}
{"logTime": "1002/185154", "level": "INFO", "message": "Preference changed: name=extensions.chrome_url_overrides, new_value=[object], source=unknown"}
{"logTime": "1002/185154", "level": "INFO", "message": "Preference changed: name=autofill.credit_card_enabled, new_value=false, source=unknown"}
{"logTime": "1002/185154", "level": "INFO", "message": "Preference changed: name=enable_edge_collections, new_value=false, source=unknown"}
{"logTime": "1002/185154", "level": "INFO", "message": "Preference changed: name=resolve_navigation_errors_use_web_service.enabled, new_value=false, source=unknown"}
{"logTime": "1002/185154", "level": "INFO", "message": "Preference changed: name=alternate_error_pages.enabled, new_value=false, source=unknown"}
{"logTime": "1002/185154", "level": "INFO", "message": "Preference changed: name=optimization_guide.previously_registered_optimization_types, new_value=[object], source=unknown"}
{"logTime": "1002/185154", "level": "INFO", "message": "Preference changed: name=in_product_help.session_last_active_time, new_value=\"13435440714610043\", source=unknown"}
{"logTime": "1002/185154", "level": "INFO", "message": "Preference changed: name=optimization_guide.previously_registered_optimization_types, new_value=[object], source=unknown"}
{"logTime": "1002/185154", "level": "INFO", "message": "Preference changed: name=profile.content_settings.exceptions.storage_access_header_origin_trial, new_value=[object], source=unknown"}
{"logTime": "1002/185154", "level": "INFO", "message": "Preference changed: name=edge_rewards.coachmark_promotions, new_value=[object], source=unknown"}
{"logTime": "1002/185154", "level": "INFO", "message": "Preference changed: name=edge_rewards.hva_promotions, new_value=[object], source=unknown"}
{"logTime": "1002/185156", "level": "INFO", "message": "Preference changed: name=profile.content_settings.exceptions.site_engagement, new_value=[object], source=unknown"}
{"logTime": "1002/185156", "level": "INFO", "message": "Preference changed: name=profile.last_engagement_time, new_value=\"13435440716679546\", source=unknown"}
{"logTime": "1002/185156", "level": "INFO", "message": "Preference changed: name=language_model_counters, new_value=[object], source=unknown"}
{"logTime": "1002/185158", "level": "INFO", "message": "Preference changed: name=profile.content_settings.exceptions.media_engagement, new_value=[object], source=unknown"}
{"logTime": "1002/185158", "level": "INFO", "message": "Preference changed: name=sessions.session_data_status, new_value=2, source=unknown"}
{"logTime": "1002/185158", "level": "INFO", "message": "Preference changed: name=sessions.session_data_status, new_value=3, source=unknown"}
{"logTime": "1002/185158", "level": "INFO", "message": "Preference changed: name=sessions.event_log, new_value=[object], source=unknown"}
{"logTime": "1002/185259", "level": "INFO", "message": "UserPrefStore loaded: error=NONE (0)"}
{"logTime": "1002/185259", "level": "INFO", "message": "Preference changed: name=optimization_guide.previously_registered_optimization_types, new_value=[object], source=unknown"}
{"logTime": "1002/185259", "level": "INFO", "message": "Preference changed: name=extensions.chrome_url_overrides, new_value=[object], source=unknown"}
{"logTime": "1002/185259", "level": "INFO", "message": "Preference changed: name=sessions.session_data_status, new_value=1, source=unknown"}
{"logTime": "1002/185259", "level": "INFO", "message": "Preference changed: name=sessions.event_log, new_value=[object], source=unknown"}
{"logTime": "1002/185259", "level": "INFO", "message": "Preference changed: name=optimization_guide.previously_registered_optimization_types, new_value=[object], source=unknown"}
{"logTime": "1002/185259", "level": "INFO", "message": "Preference changed: name=optimization_guide.previously_registered_optimization_types, new_value=[object], source=unknown"}
{"logTime": "1002/185259", "level": "INFO", "message": "Preference changed: name=optimization_guide.previously_registered_optimization_types, new_value=[object], source=unknown"}
{"logTime": "1002/185259", "level": "INFO", "message": "Preference changed: name=optimization_guide.previously_registered_optimization_types, new_value=[object], source=unknown"}
{"logTime": "1002/185259", "level": "INFO", "message": "Preference changed: name=optimization_guide.previously_registered_optimization_types, new_value=[object], source=unknown"}
{"logTime": "1002/185259", "level": "INFO", "message": "Preference changed: name=profile.network_pbs, new_value=[object], source=unknown"}
{"logTime": "1002/185259", "level": "INFO", "message": "Preference changed: name=profile.password_hash_data_list, new_value=[object], source=unknown"}
{"logTime": "1002/185259", "level": "INFO", "message": "Preference changed: name=schedule_to_flush_to_disk, new_value=\"13435440779441680\", source=unknown"}
{"logTime": "1002/185259", "level": "INFO", "message": "Preference changed: name=schedule_to_flush_to_disk, new_value=\"13435440779443188\", source=unknown"}
{"logTime": "1002/185259", "level": "INFO", "message": "Preference changed: name=edge.services.signin_scoped_device_id, new_value=\"38478e31-8fe7-4e2a-9872-7968f9f54a66\", source=unknown"}
{"logTime": "1002/185259", "level": "INFO", "message": "Preference changed: name=optimization_guide.previously_registered_optimization_types, new_value=[object], source=unknown"}
{"logTime": "1002/185259", "level": "INFO", "message": "Preference changed: name=extensions.chrome_url_overrides, new_value=[object], source=unknown"}
{"logTime": "1002/185259", "level": "INFO", "message": "Preference changed: name=autofill.credit_card_enabled, new_value=false, source=unknown"}
{"logTime": "1002/185259", "level": "INFO", "message": "Preference changed: name=enable_edge_collections, new_value=false, source=unknown"}
{"logTime": "1002/185259", "level": "INFO", "message": "Preference changed: name=resolve_navigation_errors_use_web_service.enabled, new_value=false, source=unknown"}
{"logTime": "1002/185259", "level": "INFO", "message": "Preference changed: name=alternate_error_pages.enabled, new_value=false, source=unknown"}
{"logTime": "1002/185259", "level": "INFO", "message": "Preference changed: name=optimization_guide.previously_registered_optimization_types, new_value=[object], source=unknown"}
{"logTime": "1002/185259", "level": "INFO", "message": "Preference changed: name=in_product_help.session_last_active_time, new_value=\"13435440779510071\", source=unknown"}
{"logTime": "1002/185259", "level": "INFO", "message": "Preference changed: name=optimization_guide.previously_registered_optimization_types, new_value=[object], source=unknown"}
{"logTime": "1002/185259", "level": "INFO", "message": "Preference changed: name=profile.content_settings.exceptions.storage_access_header_origin_trial, new_value=[object], source=unknown"}
{"logTime": "1002/185259", "level": "INFO", "message": "Preference changed: name=edge_rewards.coachmark_promotions, new_value=[object], source=unknown"}
{"logTime": "1002/185259", "level": "INFO", "message": "Preference changed: name=edge_rewards.hva_promotions, new_value=[object], source=unknown"}
{"logTime": "1002/185301", "level": "INFO", "message": "Preference changed: name=profile.content_settings.exceptions.site_engagement, new_value=[object], source=unknown"}
{"logTime": "1002/185301", "level": "INFO", "message": "Preference changed: name=profile.last_engagement_time, new_value=\"13435440781590921\", source=unknown"}
{"logTime": "1002/185301", "level": "INFO", "message": "Preference changed: name=language_model_counters, new_value=[object], source=unknown"}
{"logTime": "1002/185309", "level": "INFO", "message": "PrefStore write completed: store=4, success=true"}
{"logTime": "1002/185309", "level": "INFO", "message": "PrefStore write completed: store=4, success=true"}
{"logTime": "1002/185315", "level": "INFO", "message": "Preference changed: name=profile.content_settings.exceptions.site_engagement, new_value=[object], source=unknown"}
{"logTime": "1002/185315", "level": "INFO", "message": "Preference changed: name=profile.last_engagement_time, new_value=\"13435440795914234\", source=unknown"}
{"logTime": "1002/185326", "level": "INFO", "message": "Preference changed: name=profile.content_settings.exceptions.site_engagement, new_value=[object], source=unknown"}
{"logTime": "1002/185326", "level": "INFO", "message": "Preference changed: name=profile.last_engagement_time, new_value=\"13435440806180491\", source=unknown"}
{"logTime": "1002/185329", "level": "INFO", "message": "Preference changed: name=in_product_help.session_last_active_time, new_value=\"13435440807525129\", source=unknown"}
{"logTime": "1002/185334", "level": "INFO", "message": "Preference changed: name=profile.content_settings.exceptions.media_engagement, new_value=[object], source=unknown"}
{"logTime": "1002/185334", "level": "INFO", "message": "Preference changed: name=profile.observed_session_time, new_value=[object], source=unknown"}
{"logTime": "1002/185334", "level": "INFO", "message": "Preference changed: name=sessions.session_data_status, new_value=2, source=unknown"}
{"logTime": "1002/185334", "level": "INFO", "message": "Preference changed: name=sessions.session_data_status, new_value=3, source=unknown"}
{"logTime": "1002/185334", "level": "INFO", "message": "Preference changed: name=sessions.event_log, new_value=[object], source=unknown"}
{"logTime": "1002/185353", "level": "INFO", "message": "UserPrefStore loaded: error=NONE (0)"}
{"logTime": "1002/185353", "level": "INFO", "message": "Preference changed: name=optimization_guide.previously_registered_optimization_types, new_value=[object], source=unknown"}
{"logTime": "1002/185353", "level": "INFO", "message": "Preference changed: name=extensions.chrome_url_overrides, new_value=[object], source=unknown"}
{"logTime": "1002/185353", "level": "INFO", "message": "Preference changed: name=sessions.session_data_status, new_value=1, source=unknown"}
{"logTime": "1002/185353", "level": "INFO", "message": "Preference changed: name=sessions.event_log, new_value=[object], source=unknown"}
{"logTime": "1002/185353", "level": "INFO", "message": "Preference changed: name=optimization_guide.previously_registered_optimization_types, new_value=[object], source=unknown"}
{"logTime": "1002/185353", "level": "INFO", "message": "Preference changed: name=optimization_guide.previously_registered_optimization_types, new_value=[object], source=unknown"}
{"logTime": "1002/185353", "level": "INFO", "message": "Preference changed: name=optimization_guide.previously_registered_optimization_types, new_value=[object], source=unknown"}
{"logTime": "1002/185353", "level": "INFO", "message": "Preference changed: name=optimization_guide.previously_registered_optimization_types, new_value=[object], source=unknown"}
{"logTime": "1002/185353", "level": "INFO", "message": "Preference changed: name=optimization_guide.previously_registered_optimization_types, new_value=[object], source=unknown"}
{"logTime": "1002/185353", "level": "INFO", "message": "Preference changed: name=profile.network_pbs, new_value=[object], source=unknown"}
{"logTime": "1002/185353", "level": "INFO", "message": "Preference changed: name=profile.password_hash_data_list, new_value=[object], source=unknown"}
{"logTime": "1002/185353", "level": "INFO", "message": "Preference changed: name=schedule_to_flush_to_disk, new_value=\"13435440833212592\", source=unknown"}
{"logTime": "1002/185353", "level": "INFO", "message": "Preference changed: name=schedule_to_flush_to_disk, new_value=\"13435440833213624\", source=unknown"}
{"logTime": "1002/185353", "level": "INFO", "message": "Preference changed: name=edge.services.signin_scoped_device_id, new_value=\"d732a13e-8bf6-4a1a-b1be-8efbc8a3bcda\", source=unknown"}
{"logTime": "1002/185353", "level": "INFO", "message": "Preference changed: name=optimization_guide.previously_registered_optimization_types, new_value=[object], source=unknown"}
{"logTime": "1002/185353", "level": "INFO", "message": "Preference changed: name=extensions.chrome_url_overrides, new_value=[object], source=unknown"}
{"logTime": "1002/185353", "level": "INFO", "message": "Preference changed: name=autofill.credit_card_enabled, new_value=false, source=unknown"}
{"logTime": "1002/185353", "level": "INFO", "message": "Preference changed: name=enable_edge_collections, new_value=false, source=unknown"}
{"logTime": "1002/185353", "level": "INFO", "message": "Preference changed: name=resolve_navigation_errors_use_web_service.enabled, new_value=false, source=unknown"}
{"logTime": "1002/185353", "level": "INFO", "message": "Preference changed: name=alternate_error_pages.enabled, new_value=false, source=unknown"}
{"logTime": "1002/185353", "level": "INFO", "message": "Preference changed: name=optimization_guide.previously_registered_optimization_types, new_value=[object], source=unknown"}
{"logTime": "1002/185353", "level": "INFO", "message": "Preference changed: name=in_product_help.session_last_active_time, new_value=\"13435440833278593\", source=unknown"}
{"logTime": "1002/185353", "level": "INFO", "message": "Preference changed: name=optimization_guide.previously_registered_optimization_types, new_value=[object], source=unknown"}
{"logTime": "1002/185353", "level": "INFO", "message": "Preference changed: name=profile.content_settings.exceptions.storage_access_header_origin_trial, new_value=[object], source=unknown"}
{"logTime": "1002/185353", "level": "INFO", "message": "Preference changed: name=edge_rewards.coachmark_promotions, new_value=[object], source=unknown"}
{"logTime": "1002/185353", "level": "INFO", "message": "Preference changed: name=edge_rewards.hva_promotions, new_value=[object], source=unknown"}
{"logTime": "1002/185355", "level": "INFO", "message": "Preference changed: name=profile.content_settings.exceptions.site_engagement, new_value=[object], source=unknown"}
{"logTime": "1002/185355", "level": "INFO", "message": "Preference changed: name=profile.last_engagement_time, new_value=\"13435440835353056\", source=unknown"}
{"logTime": "1002/185355", "level": "INFO", "message": "Preference changed: name=language_model_counters, new_value=[object], source=unknown"}
{"logTime": "1002/185403", "level": "INFO", "message": "PrefStore write completed: store=4, success=true"}
{"logTime": "1002/185403", "level": "INFO", "message": "PrefStore write completed: store=4, success=true"}
{"logTime": "1002/185405", "level": "INFO", "message": "Preference changed: name=profile.content_settings.exceptions.site_engagement, new_value=[object], source=unknown"}
{"logTime": "1002/185405", "level": "INFO", "message": "Preference changed: name=profile.last_engagement_time, new_value=\"13435440845397417\", source=unknown"}
{"logTime": "1002/185411", "level": "INFO", "message": "Preference changed: name=profile.content_settings.exceptions.media_engagement, new_value=[object], source=unknown"}
{"logTime": "1002/185411", "level": "INFO", "message": "Preference changed: name=profile.observed_session_time, new_value=[object], source=unknown"}
{"logTime": "1002/185411", "level": "INFO", "message": "Preference changed: name=sessions.session_data_status, new_value=2, source=unknown"}
{"logTime": "1002/185411", "level": "INFO", "message": "Preference changed: name=sessions.session_data_status, new_value=3, source=unknown"}
{"logTime": "1002/185411", "level": "INFO", "message": "Preference changed: name=sessions.event_log, new_value=[object], source=unknown"}
{"logTime": "1002/185606", "level": "INFO", "message": "UserPrefStore loaded: error=NONE (0)"}
{"logTime": "1002/185606", "level": "INFO", "message": "Preference changed: name=optimization_guide.previously_registered_optimization_types, new_value=[object], source=unknown"}
{"logTime": "1002/185606", "level": "INFO", "message": "Preference changed: name=extensions.chrome_url_overrides, new_value=[object], source=unknown"}
{"logTime": "1002/185606", "level": "INFO", "message": "Preference changed: name=sessions.session_data_status, new_value=1, source=unknown"}
{"logTime": "1002/185606", "level": "INFO", "message": "Preference changed: name=sessions.event_log, new_value=[object], source=unknown"}
{"logTime": "1002/185606", "level": "INFO", "message": "Preference changed: name=optimization_guide.previously_registered_optimization_types, new_value=[object], source=unknown"}
{"logTime": "1002/185606", "level": "INFO", "message": "Preference changed: name=optimization_guide.previously_registered_optimization_types, new_value=[object], source=unknown"}
{"logTime": "1002/185606", "level": "INFO", "message": "Preference changed: name=optimization_guide.previously_registered_optimization_types, new_value=[object], source=unknown"}
{"logTime": "1002/185606", "level": "INFO", "message": "Preference changed: name=optimization_guide.previously_registered_optimization_types, new_value=[object], source=unknown"}
{"logTime": "1002/185606", "level": "INFO", "message": "Preference changed: name=optimization_guide.previously_registered_optimization_types, new_value=[object], source=unknown"}
{"logTime": "1002/185606", "level": "INFO", "message": "Preference changed: name=profile.network_pbs, new_value=[object], source=unknown"}
{"logTime": "1002/185606", "level": "INFO", "message": "Preference changed: name=profile.password_hash_data_list, new_value=[object], source=unknown"}
{"logTime": "1002/185606", "level": "INFO", "message": "Preference changed: name=schedule_to_flush_to_disk, new_value=\"13435440966397133\", source=unknown"}
{"logTime": "1002/185606", "level": "INFO", "message": "Preference changed: name=schedule_to_flush_to_disk, new_value=\"13435440966398417\", source=unknown"}
{"logTime": "1002/185606", "level": "INFO", "message": "Preference changed: name=edge.services.signin_scoped_device_id, new_value=\"9a93c2e7-7258-43ad-b383-64b093bf303a\", source=unknown"}
{"logTime": "1002/185606", "level": "INFO", "message": "Preference changed: name=optimization_guide.previously_registered_optimization_types, new_value=[object], source=unknown"}
{"logTime": "1002/185606", "level": "INFO", "message": "Preference changed: name=extensions.chrome_url_overrides, new_value=[object], source=unknown"}
{"logTime": "1002/185606", "level": "INFO", "message": "Preference changed: name=autofill.credit_card_enabled, new_value=false, source=unknown"}
{"logTime": "1002/185606", "level": "INFO", "message": "Preference changed: name=enable_edge_collections, new_value=false, source=unknown"}
{"logTime": "1002/185606", "level": "INFO", "message": "Preference changed: name=resolve_navigation_errors_use_web_service.enabled, new_value=false, source=unknown"}
{"logTime": "1002/185606", "level": "INFO", "message": "Preference changed: name=alternate_error_pages.enabled, new_value=false, source=unknown"}
{"logTime": "1002/185606", "level": "INFO", "message": "Preference changed: name=optimization_guide.previously_registered_optimization_types, new_value=[object], source=unknown"}
{"logTime": "1002/185606", "level": "INFO", "message": "Preference changed: name=in_product_help.session_last_active_time, new_value=\"13435440966461531\", source=unknown"}
{"logTime": "1002/185606", "level": "INFO", "message": "Preference changed: name=optimization_guide.previously_registered_optimization_types, new_value=[object], source=unknown"}
{"logTime": "1002/185606", "level": "INFO", "message": "Preference changed: name=profile.content_settings.exceptions.storage_access_header_origin_trial, new_value=[object], source=unknown"}
{"logTime": "1002/185606", "level": "INFO", "message": "Preference changed: name=edge_rewards.coachmark_promotions, new_value=[object], source=unknown"}
{"logTime": "1002/185606", "level": "INFO", "message": "Preference changed: name=edge_rewards.hva_promotions, new_value=[object], source=unknown"}
{"logTime": "1002/185608", "level": "INFO", "message": "Preference changed: name=profile.content_settings.exceptions.site_engagement, new_value=[object], source=unknown"}
{"logTime": "1002/185608", "level": "INFO", "message": "Preference changed: name=profile.last_engagement_time, new_value=\"13435440968556551\", source=unknown"}
{"logTime": "1002/185608", "level": "INFO", "message": "Preference changed: name=language_model_counters, new_value=[object], source=unknown"}
{"logTime": "1002/185616", "level": "INFO", "message": "PrefStore write completed: store=4, success=true"}
{"logTime": "1002/185616", "level": "INFO", "message": "PrefStore write completed: store=4, success=true"}
{"logTime": "1002/185621", "level": "INFO", "message": "Preference changed: name=in_product_help.session_last_active_time, new_value=\"13435440978471297\", source=unknown"}
{"logTime": "1002/185636", "level": "INFO", "message": "Preference changed: name=in_product_help.session_last_active_time, new_value=\"13435440978474200\", source=unknown"}
{"logTime": "1002/185651", "level": "INFO", "message": "Preference changed: name=in_product_help.session_last_active_time, new_value=\"13435441004481846\", source=unknown"}
{"logTime": "1002/185651", "level": "INFO", "message": "Preference changed: name=profile.content_settings.exceptions.site_engagement, new_value=[object], source=unknown"}
{"logTime": "1002/185651", "level": "INFO", "message": "Preference changed: name=profile.last_engagement_time, new_value=\"13435441011700214\", source=unknown"}
{"logTime": "1002/185653", "level": "INFO", "message": "Preference changed: name=profile.content_settings.exceptions.media_engagement, new_value=[object], source=unknown"}
{"logTime": "1002/185653", "level": "INFO", "message": "Preference changed: name=profile.observed_session_time, new_value=[object], source=unknown"}
{"logTime": "1002/185653", "level": "INFO", "message": "Preference changed: name=sessions.session_data_status, new_value=2, source=unknown"}
{"logTime": "1002/185653", "level": "INFO", "message": "Preference changed: name=sessions.session_data_status, new_value=3, source=unknown"}
{"logTime": "1002/185653", "level": "INFO", "message": "Preference changed: name=sessions.event_log, new_value=[object], source=unknown"}
{"logTime": "1002/190222", "level": "INFO", "message": "UserPrefStore loaded: error=NONE (0)"}
{"logTime": "1002/190222", "level": "INFO", "message": "Preference changed: name=optimization_guide.previously_registered_optimization_types, new_value=[object], source=unknown"}
{"logTime": "1002/190222", "level": "INFO", "message": "Preference changed: name=extensions.chrome_url_overrides, new_value=[object], source=unknown"}
{"logTime": "1002/190222", "level": "INFO", "message": "Preference changed: name=sessions.session_data_status, new_value=1, source=unknown"}
{"logTime": "1002/190222", "level": "INFO", "message": "Preference changed: name=sessions.event_log, new_value=[object], source=unknown"}
{"logTime": "1002/190222", "level": "INFO", "message": "Preference changed: name=optimization_guide.previously_registered_optimization_types, new_value=[object], source=unknown"}
{"logTime": "1002/190222", "level": "INFO", "message": "Preference changed: name=optimization_guide.previously_registered_optimization_types, new_value=[object], source=unknown"}
{"logTime": "1002/190222", "level": "INFO", "message": "Preference changed: name=optimization_guide.previously_registered_optimization_types, new_value=[object], source=unknown"}
{"logTime": "1002/190222", "level": "INFO", "message": "Preference changed: name=optimization_guide.previously_registered_optimization_types, new_value=[object], source=unknown"}
{"logTime": "1002/190222", "level": "INFO", "message": "Preference changed: name=optimization_guide.previously_registered_optimization_types, new_value=[object], source=unknown"}
{"logTime": "1002/190222", "level": "INFO", "message": "Preference changed: name=profile.network_pbs, new_value=[object], source=unknown"}
{"logTime": "1002/190222", "level": "INFO", "message": "Preference changed: name=profile.password_hash_data_list, new_value=[object], source=unknown"}
{"logTime": "1002/190222", "level": "INFO", "message": "Preference changed: name=schedule_to_flush_to_disk, new_value=\"13435441342798308\", source=unknown"}
{"logTime": "1002/190222", "level": "INFO", "message": "Preference changed: name=schedule_to_flush_to_disk, new_value=\"13435441342799007\", source=unknown"}
{"logTime": "1002/190222", "level": "INFO", "message": "Preference changed: name=edge.services.signin_scoped_device_id, new_value=\"a4badd9e-13a1-428f-9d25-0cd2279de41a\", source=unknown"}
{"logTime": "1002/190222", "level": "INFO", "message": "Preference changed: name=optimization_guide.previously_registered_optimization_types, new_value=[object], source=unknown"}
{"logTime": "1002/190222", "level": "INFO", "message": "Preference changed: name=extensions.chrome_url_overrides, new_value=[object], source=unknown"}
{"logTime": "1002/190222", "level": "INFO", "message": "Preference changed: name=autofill.credit_card_enabled, new_value=false, source=unknown"}
{"logTime": "1002/190222", "level": "INFO", "message": "Preference changed: name=enable_edge_collections, new_value=false, source=unknown"}
{"logTime": "1002/190222", "level": "INFO", "message": "Preference changed: name=resolve_navigation_errors_use_web_service.enabled, new_value=false, source=unknown"}
{"logTime": "1002/190222", "level": "INFO", "message": "Preference changed: name=alternate_error_pages.enabled, new_value=false, source=unknown"}
{"logTime": "1002/190222", "level": "INFO", "message": "Preference changed: name=optimization_guide.previously_registered_optimization_types, new_value=[object], source=unknown"}
{"logTime": "1002/190222", "level": "INFO", "message": "Preference changed: name=in_product_help.session_last_active_time, new_value=\"13435441342863110\", source=unknown"}
{"logTime": "1002/190222", "level": "INFO", "message": "Preference changed: name=optimization_guide.previously_registered_optimization_types, new_value=[object], source=unknown"}
{"logTime": "1002/190222", "level": "INFO", "message": "Preference changed: name=profile.content_settings.exceptions.storage_access_header_origin_trial, new_value=[object], source=unknown"}
{"logTime": "1002/190222", "level": "INFO", "message": "Preference changed: name=edge_rewards.coachmark_promotions, new_value=[object], source=unknown"}
{"logTime": "1002/190222", "level": "INFO", "message": "Preference changed: name=edge_rewards.hva_promotions, new_value=[object], source=unknown"}
{"logTime": "1002/190224", "level": "INFO", "message": "Preference changed: name=profile.content_settings.exceptions.site_engagement, new_value=[object], source=unknown"}
{"logTime": "1002/190224", "level": "INFO", "message": "Preference changed: name=profile.last_engagement_time, new_value=\"13435441344929880\", source=unknown"}
{"logTime": "1002/190225", "level": "INFO", "message": "Preference changed: name=language_model_counters, new_value=[object], source=unknown"}
{"logTime": "1002/190232", "level": "INFO", "message": "PrefStore write completed: store=4, success=true"}
{"logTime": "1002/190232", "level": "INFO", "message": "PrefStore write completed: store=4, success=true"}
{"logTime": "1002/190236", "level": "INFO", "message": "Preference changed: name=profile.content_settings.exceptions.site_engagement, new_value=[object], source=unknown"}
{"logTime": "1002/190236", "level": "INFO", "message": "Preference changed: name=profile.last_engagement_time, new_value=\"13435441356308193\", source=unknown"}
{"logTime": "1002/190303", "level": "INFO", "message": "Preference changed: name=profile.content_settings.exceptions.media_engagement, new_value=[object], source=unknown"}
{"logTime": "1002/190303", "level": "INFO", "message": "Preference changed: name=profile.observed_session_time, new_value=[object], source=unknown"}
{"logTime": "1002/190303", "level": "INFO", "message": "Preference changed: name=sessions.session_data_status, new_value=2, source=unknown"}
{"logTime": "1002/190303", "level": "INFO", "message": "Preference changed: name=sessions.session_data_status, new_value=3, source=unknown"}
{"logTime": "1002/190303", "level": "INFO", "message": "Preference changed: name=sessions.event_log, new_value=[object], source=unknown"}
{"logTime": "1002/190643", "level": "INFO", "message": "UserPrefStore loaded: error=NONE (0)"}
{"logTime": "1002/190643", "level": "INFO", "message": "Preference changed: name=optimization_guide.previously_registered_optimization_types, new_value=[object], source=unknown"}
{"logTime": "1002/190643", "level": "INFO", "message": "Preference changed: name=extensions.chrome_url_overrides, new_value=[object], source=unknown"}
{"logTime": "1002/190643", "level": "INFO", "message": "Preference changed: name=sessions.session_data_status, new_value=1, source=unknown"}
{"logTime": "1002/190643", "level": "INFO", "message": "Preference changed: name=sessions.event_log, new_value=[object], source=unknown"}
{"logTime": "1002/190643", "level": "INFO", "message": "Preference changed: name=optimization_guide.previously_registered_optimization_types, new_value=[object], source=unknown"}
{"logTime": "1002/190643", "level": "INFO", "message": "Preference changed: name=optimization_guide.previously_registered_optimization_types, new_value=[object], source=unknown"}
{"logTime": "1002/190643", "level": "INFO", "message": "Preference changed: name=optimization_guide.previously_registered_optimization_types, new_value=[object], source=unknown"}
{"logTime": "1002/190643", "level": "INFO", "message": "Preference changed: name=optimization_guide.previously_registered_optimization_types, new_value=[object], source=unknown"}
{"logTime": "1002/190643", "level": "INFO", "message": "Preference changed: name=optimization_guide.previously_registered_optimization_types, new_value=[object], source=unknown"}
{"logTime": "1002/190643", "level": "INFO", "message": "Preference changed: name=profile.network_pbs, new_value=[object], source=unknown"}
{"logTime": "1002/190643", "level": "INFO", "message": "Preference changed: name=profile.password_hash_data_list, new_value=[object], source=unknown"}
{"logTime": "1002/190643", "level": "INFO", "message": "Preference changed: name=schedule_to_flush_to_disk, new_value=\"13435441603153053\", source=unknown"}
{"logTime": "1002/190643", "level": "INFO", "message": "Preference changed: name=schedule_to_flush_to_disk, new_value=\"13435441603153982\", source=unknown"}
{"logTime": "1002/190643", "level": "INFO", "message": "Preference changed: name=edge.services.signin_scoped_device_id, new_value=\"4cf09d5e-6a3b-40f5-90ce-144ec92bc00f\", source=unknown"}
{"logTime": "1002/190643", "level": "INFO", "message": "Preference changed: name=optimization_guide.previously_registered_optimization_types, new_value=[object], source=unknown"}
{"logTime": "1002/190643", "level": "INFO", "message": "Preference changed: name=extensions.chrome_url_overrides, new_value=[object], source=unknown"}
{"logTime": "1002/190643", "level": "INFO", "message": "Preference changed: name=autofill.credit_card_enabled, new_value=false, source=unknown"}
{"logTime": "1002/190643", "level": "INFO", "message": "Preference changed: name=enable_edge_collections, new_value=false, source=unknown"}
{"logTime": "1002/190643", "level": "INFO", "message": "Preference changed: name=resolve_navigation_errors_use_web_service.enabled, new_value=false, source=unknown"}
{"logTime": "1002/190643", "level": "INFO", "message": "Preference changed: name=alternate_error_pages.enabled, new_value=false, source=unknown"}
{"logTime": "1002/190643", "level": "INFO", "message": "Preference changed: name=optimization_guide.previously_registered_optimization_types, new_value=[object], source=unknown"}
{"logTime": "1002/190643", "level": "INFO", "message": "Preference changed: name=in_product_help.session_last_active_time, new_value=\"13435441603218673\", source=unknown"}
{"logTime": "1002/190643", "level": "INFO", "message": "Preference changed: name=optimization_guide.previously_registered_optimization_types, new_value=[object], source=unknown"}
{"logTime": "1002/190643", "level": "INFO", "message": "Preference changed: name=profile.content_settings.exceptions.storage_access_header_origin_trial, new_value=[object], source=unknown"}
{"logTime": "1002/190643", "level": "INFO", "message": "Preference changed: name=edge_rewards.coachmark_promotions, new_value=[object], source=unknown"}
{"logTime": "1002/190643", "level": "INFO", "message": "Preference changed: name=edge_rewards.hva_promotions, new_value=[object], source=unknown"}
{"logTime": "1002/190645", "level": "INFO", "message": "Preference changed: name=profile.content_settings.exceptions.site_engagement, new_value=[object], source=unknown"}
{"logTime": "1002/190645", "level": "INFO", "message": "Preference changed: name=profile.last_engagement_time, new_value=\"13435441605301593\", source=unknown"}
{"logTime": "1002/190645", "level": "INFO", "message": "Preference changed: name=language_model_counters, new_value=[object], source=unknown"}
{"logTime": "1002/190653", "level": "INFO", "message": "PrefStore write completed: store=4, success=true"}
{"logTime": "1002/190653", "level": "INFO", "message": "PrefStore write completed: store=4, success=true"}
{"logTime": "1002/190654", "level": "INFO", "message": "Preference changed: name=profile.content_settings.exceptions.media_engagement, new_value=[object], source=unknown"}
{"logTime": "1002/190654", "level": "INFO", "message": "Preference changed: name=profile.observed_session_time, new_value=[object], source=unknown"}
{"logTime": "1002/190654", "level": "INFO", "message": "Preference changed: name=sessions.session_data_status, new_value=2, source=unknown"}
{"logTime": "1002/190654", "level": "INFO", "message": "Preference changed: name=sessions.session_data_status, new_value=3, source=unknown"}
{"logTime": "1002/190654", "level": "INFO", "message": "Preference changed: name=sessions.event_log, new_value=[object], source=unknown"}
{"logTime": "1002/190703", "level": "INFO", "message": "UserPrefStore loaded: error=NONE (0)"}
{"logTime": "1002/190703", "level": "INFO", "message": "Preference changed: name=optimization_guide.previously_registered_optimization_types, new_value=[object], source=unknown"}
{"logTime": "1002/190703", "level": "INFO", "message": "Preference changed: name=extensions.chrome_url_overrides, new_value=[object], source=unknown"}
{"logTime": "1002/190703", "level": "INFO", "message": "Preference changed: name=sessions.session_data_status, new_value=1, source=unknown"}
{"logTime": "1002/190703", "level": "INFO", "message": "Preference changed: name=sessions.event_log, new_value=[object], source=unknown"}
{"logTime": "1002/190703", "level": "INFO", "message": "Preference changed: name=optimization_guide.previously_registered_optimization_types, new_value=[object], source=unknown"}
{"logTime": "1002/190703", "level": "INFO", "message": "Preference changed: name=optimization_guide.previously_registered_optimization_types, new_value=[object], source=unknown"}
{"logTime": "1002/190703", "level": "INFO", "message": "Preference changed: name=optimization_guide.previously_registered_optimization_types, new_value=[object], source=unknown"}
{"logTime": "1002/190703", "level": "INFO", "message": "Preference changed: name=optimization_guide.previously_registered_optimization_types, new_value=[object], source=unknown"}
{"logTime": "1002/190703", "level": "INFO", "message": "Preference changed: name=optimization_guide.previously_registered_optimization_types, new_value=[object], source=unknown"}
{"logTime": "1002/190703", "level": "INFO", "message": "Preference changed: name=profile.network_pbs, new_value=[object], source=unknown"}
{"logTime": "1002/190703", "level": "INFO", "message": "Preference changed: name=profile.password_hash_data_list, new_value=[object], source=unknown"}
{"logTime": "1002/190703", "level": "INFO", "message": "Preference changed: name=schedule_to_flush_to_disk, new_value=\"13435441623704950\", source=unknown"}
{"logTime": "1002/190703", "level": "INFO", "message": "Preference changed: name=schedule_to_flush_to_disk, new_value=\"13435441623706124\", source=unknown"}
{"logTime": "1002/190703", "level": "INFO", "message": "Preference changed: name=edge.services.signin_scoped_device_id, new_value=\"c80d6f12-9f76-4c23-b12f-2cd60e35a38b\", source=unknown"}
{"logTime": "1002/190703", "level": "INFO", "message": "Preference changed: name=optimization_guide.previously_registered_optimization_types, new_value=[object], source=unknown"}
{"logTime": "1002/190703", "level": "INFO", "message": "Preference changed: name=extensions.chrome_url_overrides, new_value=[object], source=unknown"}
{"logTime": "1002/190703", "level": "INFO", "message": "Preference changed: name=autofill.credit_card_enabled, new_value=false, source=unknown"}
{"logTime": "1002/190703", "level": "INFO", "message": "Preference changed: name=enable_edge_collections, new_value=false, source=unknown"}
{"logTime": "1002/190703", "level": "INFO", "message": "Preference changed: name=resolve_navigation_errors_use_web_service.enabled, new_value=false, source=unknown"}
{"logTime": "1002/190703", "level": "INFO", "message": "Preference changed: name=alternate_error_pages.enabled, new_value=false, source=unknown"}
{"logTime": "1002/190703", "level": "INFO", "message": "Preference changed: name=optimization_guide.previously_registered_optimization_types, new_value=[object], source=unknown"}
{"logTime": "1002/190703", "level": "INFO", "message": "Preference changed: name=in_product_help.session_last_active_time, new_value=\"13435441623768210\", source=unknown"}
{"logTime": "1002/190703", "level": "INFO", "message": "Preference changed: name=optimization_guide.previously_registered_optimization_types, new_value=[object], source=unknown"}
{"logTime": "1002/190703", "level": "INFO", "message": "Preference changed: name=profile.content_settings.exceptions.storage_access_header_origin_trial, new_value=[object], source=unknown"}
{"logTime": "1002/190703", "level": "INFO", "message": "Preference changed: name=edge_rewards.coachmark_promotions, new_value=[object], source=unknown"}
{"logTime": "1002/190703", "level": "INFO", "message": "Preference changed: name=edge_rewards.hva_promotions, new_value=[object], source=unknown"}
{"logTime": "1002/190705", "level": "INFO", "message": "Preference changed: name=profile.content_settings.exceptions.site_engagement, new_value=[object], source=unknown"}
{"logTime": "1002/190705", "level": "INFO", "message": "Preference changed: name=profile.last_engagement_time, new_value=\"13435441625833359\", source=unknown"}
{"logTime": "1002/190705", "level": "INFO", "message": "Preference changed: name=language_model_counters, new_value=[object], source=unknown"}
{"logTime": "1002/190713", "level": "INFO", "message": "PrefStore write completed: store=4, success=true"}
{"logTime": "1002/190713", "level": "INFO", "message": "PrefStore write completed: store=4, success=true"}
{"logTime": "1002/190718", "level": "INFO", "message": "Preference changed: name=in_product_help.session_last_active_time, new_value=\"13435441632774506\", source=unknown"}
{"logTime": "1002/190723", "level": "INFO", "message": "Preference changed: name=profile.content_settings.exceptions.site_engagement, new_value=[object], source=unknown"}
{"logTime": "1002/190723", "level": "INFO", "message": "Preference changed: name=profile.last_engagement_time, new_value=\"13435441643229830\", source=unknown"}
{"logTime": "1002/190728", "level": "INFO", "message": "Preference changed: name=profile.content_settings.exceptions.media_engagement, new_value=[object], source=unknown"}
{"logTime": "1002/190728", "level": "INFO", "message": "Preference changed: name=profile.observed_session_time, new_value=[object], source=unknown"}
{"logTime": "1002/190728", "level": "INFO", "message": "Preference changed: name=sessions.session_data_status, new_value=2, source=unknown"}
{"logTime": "1002/190728", "level": "INFO", "message": "Preference changed: name=sessions.session_data_status, new_value=3, source=unknown"}
{"logTime": "1002/190728", "level": "INFO", "message": "Preference changed: name=sessions.event_log, new_value=[object], source=unknown"}
